Gender,GivenName,Surname,City
male,William,Wright,Uden
female,Victoria,Curry,Amstelveen
female,Femmy,Vlaanderen,Dronten
male,Donald,Haak,Schiedam
male,Aran,Kupers,"Den Haag"
female,Dina,Stephenson,Zoetermeer
male,Salamah,Said,Rotterdam
female,Suzana,Kurstjens,Gouda
female,Sofieke,"van Groningen",Amsterdam
female,Dilåra,"van der Zouwen",Zoetermeer
female,Amke,"van Bokhorst",Hoofddorp
female,Baraka,Sarraf,Amsterdam
male,Hamza,"ten Hoven","Bergen op Zoom"
male,Laurens,Korf,Rijswijk
female,Jorina,"van den Dungen",Almere
male,Gian,Verhaegh,Almere
female,'Ubaab,Shalhoub,Groningen
female,Rian,Celie,Geffen
female,Wai,Kreft,Warnsveld
male,'Ubaidah,Moghadam,Almere
female,Sabirah,Halabi,Bergambacht
male,Raghib,Hajjar,Tilburg
female,Sippie,Adriaansen,Huizen
female,Andrea,Brown,Putten
female,Lunah,Halabi,Rotterdam
female,Wala',Sleiman,IJzendijke
female,Jazz,Leenman,Vlaardingen
male,Umayr,Issa,Dordrecht
male,Anıl,"van Enk",Groningen
male,Panagiotis,Karimi,Groningen
male,Nuri,Bitar,Rotterdam
male,Frederick,Simons,Santpoort-Zuid
male,Julian,Reith,Maastricht
female,Syreeta,Joseph,Kerkrade
male,Abdul-Muhsi,Asfour,Tilburg
female,Hannah,Vree,Sittard
male,Cornell,Valencia,Groot-Ammers
female,Margaret,Dake,Roggel
male,Jauke,Weijenberg,Tynaarlo
female,Dimitra,"van den Ouweland",Almere
female,Jeanny,Glerum,Zandvoort
male,Nimr,Naifeh,Grootebroek
male,Adam,Kehoe,Hellum
female,Elles,Breedijk,Dordrecht
female,Safaa,Moghadam,Lelystad
female,Elsie,Harris,Delft
female,Helin,Siebert,Leiden
male,Mustafa,Shadid,Badhoevedorp
male,Merwin,Turksma,Almere
male,Nour-Eddine,Kooreman,Hilversum
male,'Ammar,Awad,Rotstergaast
male,Abdul-Muhyi,Khouri,Kollum
male,William,Salem,Donkerbroek
female,Anne,Wallace,Zundert
female,Almira,Cok,Amstelveen
male,Yunus,Aswad,"Beek en Donk"
male,Gabriel,"van Rijs",Putten
female,Meral,Smolenaars,Geleen
female,Lujayn,Gaber,Spijkenisse
female,Samra',Almasi,Alkmaar
male,Jitze,"van Olst",Gouda
female,Ananda,Demandt,"Den Haag"
male,Jurre,Arkema,Sluiskil
male,Haris,Kassab,Barneveld
male,Phillip,Davis,Dordrecht
male,Juwain,Nahas,Emmeloord
male,Eddie,Thompson,Valthermond
female,Luja,Wasem,Veenendaal
male,Yasin,Sarraf,Zierikzee
female,Ngoc,Kip,Veenendaal
female,Alissa,Vreugdenhil,Nijmegen
male,Kenneth,Holt,Landgraaf
male,Rasmi,Antoun,Gorredijk
female,Melissa,Sawyer,Peize
male,James,Rink,Arkel
male,Rayn,Hopmans,Sneek
female,Amtullah,Halabi,Driebergen-Rijsenburg
female,Micaela,Ortiz,Schiedam
female,Fatima,Amari,Amsterdam
male,Xuan,Mombarg,Amsterdam
male,Zakiy,Ganem,West-Terschelling
female,A'mal,Guirguis,Rotterdam
female,Cynthia,Schutt,"Den Haag"
male,Kenn,"de Jonge",Eindhoven
female,Sumaiya,Bahar,Wijchen
female,Linsey,Hu,Almere
male,Ernest,Woodrow,Breda
female,Romaisa,Boschma,Hoofddorp
male,Gregory,Adam,Westbroek
male,Brett,Cruz,Tilburg
male,Carl,Ayala,"Krimpen aan den IJssel"
male,Gordon,Douglas,Alblasserdam
male,Carl,Webb,Drachten
male,Tahir,Koury,Melderslo
male,"Khalil al Allah",Naifeh,Beesd
female,Joline,"van de Velde",Mierlo
female,Ellen,Washington,Edam
male,Amin,Ghanem,Haarlem
male,Kyle,Renninger,Venhuizen
female,Areebah,Basara,Gouda
male,Lindomar,Bontenbal,Zaandam
male,Mudar,Sayegh,Aldtsjerk
male,Daniel,Lash,Hilversum
male,Khalaf,Daher,Rotterdam
male,Hisham,Tuma,Groningen
male,Milton,"van Genderen",Hippolytushoef
male,Miroslav,Geus,Helmond
female,Muruj,Attia,Andijk
female,Jony,"dos Santos",Amsterdam
male,Domenique,Moens,Sluis
male,Clinton,Hardnett,Loenen
male,Jawdah,Wasem,Rotterdam
male,Sai,"van Oostrum",Best
male,Ra'id,Ganem,Zaandam
male,Muslih,Kassab,"De Lutte"
female,Munira,Capelle,Helmond
female,Wa'd,Handal,Groningen
female,Zinat,Mansour,Hengelo
male,'Id,Ganem,Hulshorst
female,Dorith,Brandes,Hellevoetsluis
male,Maimun,Seif,Rhoon
female,Millie,Terluin,Staphorst
male,Daniel,Montanez,Haarlem
male,Jameel,Bitar,Berghem
female,Grace,Johnson,"Wijk bij Duurstede"
male,Miguel,Romano,Sneek
female,Patricia,Smith,Heelsum
female,Frances,Crossett,"Den Haag"
female,Ayishah,Haik,Voorthuizen
male,Tammo,Meuleman,Best
female,Annemoon,Lubbers,Hengelo
female,Teresa,King,Amersfoort
female,Florian,Beunder,Heemstede
male,Kardal,Sarkis,"Hoek van Holland"
female,Jabirah,Abadi,Wijckel
female,Margaret,Cason,Valkenburg
male,Shawqi,Kassis,Deventer
female,Dion,Zevenbergen,Leiderdorp
male,Eric,Fields,Veenendaal
female,Kerry,Rochon,Wanssum
female,Ouissam,Hogeweg,Hellendoorn
female,Usaymah,Basara,"Den Ham"
male,Ayman,Debie,Almere
male,Muyassar,Morcos,Tegelen
male,Bilal,Nahas,"Den Haag"
female,Zahrah,Gerges,Zutphen
male,Krystian,"van Zee",Bennekom
female,'Iffah,Baba,Hoorn
female,Ikhlas,Ganem,Schagen
female,Azeeza,Said,Leeuwarden
male,Nieck,Kreukniet,Numansdorp
female,Haniyyah,Kattan,Vlissingen
male,Johanan,"van Veghel",Oegstgeest
male,Rayhan,Maloof,Rouveen
male,Timme,Plet,Borne
female,'Anbar,Hadad,Amsterdam-Zuidoost
female,Tugçe,Licht,Gauw
male,George,Schmidt,"Alphen aan den Rijn"
male,David,"van der Straaten",Rotterdam
male,Maickel,Hofsink,Amstelveen
female,Barbara,King,Elst
male,Fulco,Broekman,Tilburg
female,Haneefa,Antar,Goor
male,Tiamo,Strijk,"Capelle aan den IJssel"
male,Jakko,Vermaning,Enschede
female,Julie,Bissonnette,Bakel
female,Suhaymah,Mustafa,Overdinkel
female,Claudine,Balfoort,Ede
male,Iqbal,Harb,Velp
male,Jared,Abramson,Zwolle
female,Sandra,Thompson,Leusden
female,Yasirah,Shadid,Apeldoorn
male,Tjade,Esselink,"Hoek van Holland"
male,Jorit,Stegehuis,Utrecht
male,Michèl,"van Boggelen",Nijmegen
female,Monica,Goodson,Lippenhuizen
female,Jordan,Hijmans,Simpelveld
female,Shanna,Aarden,Noordlaren
male,Abdul-Nur,Bata,Maastricht
male,Willian,Aartsen,Maartensdijk
male,Michael,Wiens,Termunterzijl
female,Cala,Sabbag,Castricum
male,Mu'awiyah,Kouri,Venhorst
male,Tein,Molenaar,Houten
female,Raghad,Antar,Bourtange
female,Esha,Peet,Breda
female,Na'ilah,Harb,Horst
male,Jared,Elliott,"Ter Apel"
male,Huseyin,"van der Werf",Maastricht
male,Paul,Helton,"t Goy"
female,Inke,Lootsma,Alkmaar
male,Fausto,"van Workum","Capelle aan den IJssel"
male,Jeffrey,Petty,Dronten
female,Ashleigh,Dearth,"Wijk bij Duurstede"
male,Gary,Poynter,Steenwijkerwold
male,Karst,Wubs,"Den Haag"
female,Wurud,Dagher,Groningen
female,Azeeza,Mifsud,Hoogland
male,Teunis,Bults,Middelburg
male,John,Reeves,Ede
male,Bahadir,Huijgens,Schoonhoven
male,Michon,Vinck,Pijnacker
female,Annefloor,Hoogerwerf,Dordrecht
male,Amr,Shamoun,Zwolle
female,Dilara,Kösters,Doetinchem
male,Hana,Maroun,Voorschoten
male,Sahl,Khoury,Hilversum
female,Mu'azzaz,Daher,Koningsbosch
female,'Adawiyah,Mansour,Arnhem
female,Amy,Holt,Venlo
female,Ghazalah,Attia,Vlissingen
male,Elton,Ardon,Helmond
male,Joe,Andrade,Voorschoten
male,Shukri,Ghannam,Amsterdam
male,John,Cockrell,Steenbergen
male,Eric,Bauer,Huissen
female,Walaa',Mifsud,Barneveld
male,Malik,"van Oorschot",Helmond
male,Arjun,"van Oers",Ulrum
female,Jamie,Letteboer,Haarlem
male,Ziggy,Hiwat,"Den Haag"
male,Werner,Bindels,Deurne
male,Jeffrey,Riggs,Leiden
female,Anna,Stjohn,Amstelveen
male,Yasser,Tielemans,Breda
male,Jessin,Dorresteijn,"Berkel en Rodenrijs"
female,Nathalia,"van Wordragen",Enkhuizen
male,Tayyib,Awad,Weert
female,Esther,Williams,Winterswijk
male,Shayne,Berenschot,Bosschenhoofd
female,Inga,McPherson,Einighausen
male,Thawab,Koury,Benneveld
female,Julienne,Lokerse,Eindhoven
female,Jumaana,Antoun,Kollum
female,Sinne,Winters,Westkapelle
female,Savannah,Hess,Numansdorp
male,Elko,"van Weenen",Dalfsen
female,Apollonia,"van Helvert",Schiedam
female,Tamar,"van der Vecht",Easterwierrum
female,Sihaam,Kouri,Amsterdam
female,Mika,Strijbosch,Koedijk
male,Mukhtar,Naifeh,Nijverdal
female,Mary,Runnels,Haarlem
female,Alzubra,Essa,Budel
male,Lahab,Nazari,Gorredijk
male,Hud,Srour,Hoogeveen
female,Edna,Ansari,Volendam
male,Layth,Handal,Stedum
male,Konrad,Leeuwestein,Middelburg
female,Margretha,"van den Berkmortel",Helmond
female,Beth,Phillips,Roosendaal
male,Rida,Antoun,Cothen
male,Adel,Mustafa,Amersfoort
female,Shareefa,Quraishi,Lisse
male,Kyllian,Zegers,Almere
male,Anh,"van Giessen","Kring van Dorth"
male,Andrea,"van der Stam",Vriezenveen
female,Mary,Wright,Hengelo
male,Jochem,"van Amerongen",Enschede
male,William,Gross,Schijndel
female,Yuki,Doedens,Nunspeet
female,Qadr,Maroun,Middelburg
male,Charles,Yang,Schiedam
male,Jim,Mosby,Amsterdam
male,Timothy,Folks,Weesp
male,James,McCormick,Roosendaal
male,Wilbur,Layton,Serooskerke
male,Alexander,Couture,Amsterdam
female,Nadiyah,Abadi,Nijkerk
female,Basheera,Qureshi,Hengelo
male,'Ubaidah,Shalhoub,Rotterdam
female,Inaya,Antoun,Asten
female,Marilyn,Wolf,Almere
male,Kenneth,Young,Doesburg
female,Eva,Edson,Hoek
female,Raniya,Totah,Nieuwkoop
male,Ruhi,Maloof,Almere
female,Karyn,Muro,Haarlem
male,Faiz,Wessel,Warder
female,Jessika,Hodes,Haaksbergen
female,Sibal,Hanania,"Den Haag"
female,Hubab,Boutros,Kampen
female,Özge,Tieben,s-Hertogenbosch
female,Maryann,White,Swifterbant
female,Roya,Poort,"Den Haag"
female,Simah,Amari,Sleeuwijk
male,Louis,Allen,"Nieuwerkerk aan den IJssel"
female,Mary,Edward,Westerhaar-Vriezenveensewijk
male,William,Dias,Tilburg
male,Justin,Hansen,Woudrichem
female,Thessa,Holt,Cuijk
male,Christopher,Belcher,Kommerzijl
male,Ane,Ultee,Groesbeek
male,Arturo,Jimenez,"Den Haag"
male,Willie,Maxwell,Drachten
male,Khalis,Seif,Ruinen
female,Hasnah,Seif,Niekerk
female,Maura,Bates,Otterlo
female,Umaymah,Malouf,Lelystad
male,Gary,Burgess,Emmen
male,Jeffery,Lee,Amersfoort
female,Melinda,Upchurch,Uden
male,Edward,Schroeder,Almere
male,Ramzi,Guirguis,"Den Haag"
female,Michaela,Pelchat,Thorn
male,Wajeeh,Samaha,Oosthuizen
female,Wafaa',Sayegh,Rijssen
male,Mark,Labarge,Breda
male,Arief,Nienhuis,Winsum
male,Jack,Matsuda,Kloosterburen
female,Marlijn,Barmentloo,Rotterdam
female,Busr,Naser,Groningen
female,Aludra,Safar,Oostzaan
male,Abdul-Hakam,Halabi,Maasbommel
male,George,Norris,Bussum
male,Michael,Parker,Vlagtwedde
female,Nadiya,Wijmenga,IJmuiden
male,Jack,James,Enschede
male,Calum,"van de Kar","Den Haag"
male,Tarik,Baartmans,Bussum
female,Acelya,Mook,"Den Haag"
female,Maysaa,Arian,Tilburg
male,Maarten-Jan,Hoekstra,Vriezenveen
male,Ide,"van Steijn",Herten
male,Abdullah,Nazari,Fijnaart
male,Janiek,Levels,IJmuiden
male,Kalil,Ganim,Ingelum
male,Sahib,Nader,Wilnis
female,Sohaila,Garcia,Maastricht
female,Darlene,Motley,Venlo
female,Evertje,Ng,Hattem
female,Manal,Marchand,Zoetermeer
male,Justinus,"van Dillen",Westervoort
female,Nahid,Safar,Nijmegen
female,Burcu,Renes,Gemert
female,Jennefer,McKinney,Houten
male,Nasir,Shamoun,Kraggenburg
male,Alonzo,Hensen,Klundert
male,John,Burton,Emmen
female,Freda,Munn,Leeuwarden
female,Faiza,Isa,Beverwijk
female,Badriyah,Ghannam,Nijmegen
female,Bilqis,Essa,Emmer-Compascuum
male,Jeremey,Bavelaar,Delfzijl
female,Sanna,Westenbrink,Oudemirdum
female,Ithar,Morcos,Warmond
female,Jun,Samaha,Helmond
female,Budur,Bazzi,Hillegom
female,Nadwa,Kouri,Achterveld
male,Abdul-Salam,Asfour,Sint-Oedenrode
female,Ramlah,Asker,Zoetermeer
male,Süleyman,Mekking,"Den Haag"
female,Marlinda,Manten,Eindhoven
male,James,Weiss,Enschede
female,Jennifer,Simmons,Bilthoven
female,Lana,Bata,Aalsmeer
female,Chanice,"van Elst",Nijmegen
male,Earl,Verhallen,Stiens
male,Theodore,Taft,Rijnsburg
male,Firas,Hakimi,"Den Haag"
female,Sandra,Wood,Heerlen
female,Abida,Abadi,Ommen
female,Rhonda,Hunter,Spijkenisse
male,Abbas,Salib,Balk
male,Harvey,Hobbs,Woerden
male,Wilmar,Freeke,Rotterdam
female,Jihane,Claus,Schijndel
male,Gerald,Young,Eindhoven
female,Umayma,Gaber,Chaam
male,Kateb,Moghadam,Ede
female,Jenna,Pike,"Den Haag"
male,Juan,Hickman,Alkmaar
female,Jessica,Bennett,Groningen
male,Abdul-Malik,Sabbagh,Hallum
male,"Ata' Allah",Shamoun,Kerkrade
female,Nabilah,Bata,Heinkenszand
male,Jack,O'Donnell,Hardenberg
female,Jony,"van den Oever",Nijmegen
female,Bessie,Hickey,Gouda
female,Jean,Baumgartner,Doetinchem
female,Ellie,Cuppen,Rotterdam
female,Firdaous,Waijers,Tilburg
female,Phyllis,Coonrod,Gorinchem
male,John,Williams,Harderwijk
female,Diane,Meier,"Hazerswoude Dorp"
female,Zohra,Tempels,Assen
female,Erma,Hill,Venlo
male,Anthony,Gaffney,Luyksgestel
male,Mikhail,Zuurbier,Amersfoort
female,Hafizah,Antar,Zwijndrecht
male,Bobby,Lovato,Reijmerstok
male,Robert,Robertson,Utrecht
female,Baraa'a,Almasi,Amsterdam-Zuidoost
male,Mu'izz,Aswad,Nijverdal
female,Walaa',Shalhoub,Rotterdam
male,William,Haring,Beverwijk
female,Radiyah,Maroun,Sibculo
female,Tara,Chau,Haarlem
female,Eleonora,Poll,Haarlem
female,Dana,Wallace,Amersfoort
female,Beatrijs,Hazenoot,Franeker
female,Jalilah,Mikhail,Bavel
male,Abdul,Hanania,Schiedam
female,Yi,Geraerts,Rhenen
female,Sandra,Johnson,Lisse
female,Elsien,"van der Eerden",Doetinchem
male,Phillip,Foley,Makkum
male,Jack,Bryant,Maassluis
female,Sandra,Brown,Meppel
male,Johnny,Scott,Landgraaf
male,Mesut,Coenders,Neerkant
male,Lesley,Grevink,Amsterdam
male,Gerald,Schulting,Maassluis
male,Dyan,Werleman,"Bosch en Duin"
female,Leslie,Thomas,Nijmegen
male,Piet,Kamphorst,Rotterdam
female,Immy,"van Nieuwenhuijzen","Den Haag"
male,Mujahid,Mustafa,"Den Haag"
female,Leontien,"van den Hoorn",Eibergen
female,Anmar,Hajjar,"Alphen aan den Rijn"
male,Celil,Jolink,Groningen
female,Usaimah,Issa,Rotterdam
male,Floyd,Fletcher,Etten-Leur
female,Ban,Bazzi,Emmen
male,Marc,Kasten,Haaften
male,Jurn,"van Baardwijk",s-Heer-Hendrikskinderen
male,Malte,Keurntjes,Woerden
female,Valerie,Graf,Ridderkerk
male,David,Oliver,"Sint Joost"
female,Janet,Gaynor,Goes
female,Wiepke,Sauer,Zoetermeer
female,Haadiya,Boulos,Parrega
female,Nasim,Bata,Rotterdam
female,Madée,Johannes,"Alphen aan den Rijn"
female,Lynda,Bachus,Purmerend
male,"Fakhr al Din",Boutros,Biddinghuizen
female,Mawiya,Cham,Meeden
female,Wid,Sarkis,Almelo
female,Lexi,Gilsing,Baarle-Nassau
male,Mufid,Rahal,Bodegraven
male,Travis,Nance,Hoofddorp
female,Virginia,Hurst,Kapelle
female,Shannon,Smith,Wolvega
male,Siddiq,Halabi,Oegstgeest
female,Patricia,Hacker,Maasdijk
female,Juwan,Arian,"Koog aan de Zaan"
female,Mary,Castillo,Bussum
female,Agatha,"van Hezik",Zaandam
female,Patricia,Bridgeman,Breda
male,Jason,Armstrong,Zandvoort
male,George,Duffin,Tilburg
female,Adna,Waninge,Zwijndrecht
female,Tuğçe,Verra,Rotterdam
male,Tommie,"van Zon",Drunen
female,Terry,Broome,Drogeham
female,Livia,Gilissen,"De Hoef"
female,Thelma,Bijma,Kelpen-Oler
male,Samuel,Ramirez,Reutum
female,Dee,Smith,s-Hertogenbosch
male,Jamaal,Barney,Poortugaal
female,Sanaa,Masih,Wijhe
male,David,Boehm,Nuenen
male,James,Watson,Hoofddorp
male,Asadel,Bazzi,Veenendaal
male,Wayne,Gage,Utrecht
female,Rudainah,Asker,Rotterdam
female,Deane,Perez,Barendrecht
male,Robert,Lindstrom,Rotterdam
female,Ayeh,Gerges,Rotterdam
male,Lambertus,"van Olffen",Terneuzen
male,Nawwaf,Nassar,Andijk
female,Begüm,Jongepier,"Sint Annaland"
female,Kimberly,Robles,Hoogerheide
male,Rik,Lousberg,Amsterdam
female,Shafiqah,Cham,Vleuten
male,Dexter,Marrero,"Alphen aan den Rijn"
male,Hilal,Asker,Amsterdam
male,Nazeem,Tuma,Dalfsen
male,Erol,Honcoop,Nijmegen
male,Juninho,Berkers,Megen
female,Sonya,Francisco,"De Kwakel"
female,Catharine,Roodbol,Zaandam
male,Douwe,Lebens,Noordwijk
female,Taalah,Almasi,Doetinchem
female,Sherri,Skeete,Wolvega
female,Marian,Ford,Amsterdam
male,Vikram,Boons,Santpoort-Noord
female,Najibah,Issa,Schiedam
female,Ikraam,Shadid,Lichtenvoorde
female,Lauren,Olson,Leiden
female,Norma,Gurley,Maastricht
female,Shaymaa,Shamoon,Rotterdam
female,Juliëtte,Mohr,Hoogerheide
female,Susan,Steinberg,Ledeacker
female,Samaah,Asghar,Amsterdam-Zuidoost
male,Manuël,Bracke,Almere
male,Mateo,Koemans,Musselkanaal
male,Charles,Corbett,Zwijndrecht
male,Miyaz,Safar,Leek
female,Pui,Kluft,Amsterdam-Zuidoost
female,Demie,Mooi,Stadskanaal
female,Wisal,Boekee,Waalwijk
female,Blanche,Westbury,Aerdenhout
female,Carol,Strand,Ridderkerk
male,Hille,"van der Brug",Rotterdam
female,Altaf,Kalb,Huizen
male,Brahim,Nelisse,Doetinchem
male,'Urwah,Abboud,Soest
male,Rida,Khoury,Enschede
female,Wilma,Flapper,Utrecht
male,Yaw,Snip,Hoensbroek
female,Melis,Hummel,Helmond
male,Aman,Waalkens,Hoogkarspel
male,Kenneth,Little,Oud-Beijerland
male,Rhys,Berrevoets,Alkmaar
female,Sarah-Jane,Oomens,Utrecht
female,Paula,Wilson,Hellevoetsluis
male,Ramih,Gerges,Eindhoven
male,Dean,Carter,Arnhem
female,Simah,Gerges,Stadskanaal
female,Farah,Halabi,Eindhoven
female,Angela,Hoyle,Amsterdam
female,Najla,Bahar,Delft
male,Woodrow,Melendez,Leiden
female,Safiye,Fokkens,Zwolle
female,Maritza,Knipping,Rotterdam
male,Abdul-Nasser,Tannous,Doetinchem
male,Ebubekir,Siegersma,Rijswijk
male,'Awad,Wasem,"Wouwse Plantage"
female,Kyana,Caspers,Delft
female,Ablaa,Maalouf,Heerlen
male,Nicholas,Ballard,Wehl
female,Farhiya,"van der Wekken",Amsterdam-Zuidoost
male,Sergio,Quon,Waalwijk
male,Everhardus,"van Beijnum",Bennekom
female,Zuhaa,Sarkis,"Den Haag"
male,Jeffrey,Garrett,Roelofarendsveen
female,Muntaha,Ghannam,Breda
female,Juhanah,Shalhoub,s-Hertogenbosch
male,Jouk,Heikens,Almere
male,Zaky,Deeb,Middelburg
female,Lu'lu'ah,Almasi,"Den Haag"
male,Bernard,Mitchell,Breda
male,Yazan,Kassab,Nieuw-Lekkerland
female,Kellie,Stoner,Amsterdam
male,Erdi,Hannink,Weesp
male,Maris,Kern,Apeldoorn
male,Jack,Davis,Middelburg
female,Patricia,Morgan,Geldrop
female,Noreen,Brouwers,Hengelo
male,Thomas,Milian,Ommen
male,James,Silver,s-Gravenzande
female,Sandy,Collins,Mijdrecht
male,Swen,Koetje,Naaldwijk
male,Abdelaziz,Starrenburg,Kerkrade
male,Michael,Johnson,Groesbeek
male,Majd,Haik,Herpen
male,Sinan,Maalouf,Meppel
female,Amalia,Butler,Rotterdam
male,Kes,Nowee,Noordwijkerhout
female,Ruth,Santana,Almere
male,Semi,Veugen,Goirle
male,Nikolaos,Verberne,Middelburg
female,Pearl,Faulk,"Nieuw en Sint Joosland"
male,Nusrat,Attia,Alkmaar
male,Steven,Thomas,Enschede
male,Peter,Ott,Ekehaar
female,Sumayyah,Gaber,Uithoorn
male,Hennie,Ruitenberg,Arnhem
male,Jarno,"van Dam",Deventer
male,Lucius,Pul,Helmond
female,Brittany,Hughes,Hilversum
male,Ruan,Roelands,Zutphen
female,'Adilah,Haddad,Heemstede
female,Tahirah,Zogby,Eindhoven
female,Stefanie,Owens,Gouda
female,Stacy,Orth,Beers
male,David,Davis,Bodegraven
male,Emery,Farrell,Norg
male,Jason,Irving,Voorschoten
male,Luther,Boyd,Gouda
female,Sanaa,Wasem,"Den Haag"
female,Margaret,Russell,Rheezerveen
female,Amy,Mendez,Ede
male,George,Mote,"Den Haag"
female,Merlyn,"van Gerwen",Oosterhout
female,Carien,Muijtjens,Weert
male,Khuzaymah,Kassis,Boazum
female,Robyn,Akdeniz,Witharen
male,Suhayl,Antar,Rotterdam
male,Jason,Loftis,Boxtel
male,Farhan,Maloof,Eibergen
male,Ma'mun,Daher,Breda
male,Piter,Maliepaard,Urk
male,Nathanael,Majoor,Oudenbosch
male,Conner,Hut,Heemstede
female,Nida',Ganim,Herwijnen
female,Sohaila,Slots,Nootdorp
female,Barbara,Langhout,Tilburg
male,Robert,Fish,Oldenzaal
female,Anwar,Handal,Neer
female,Sebahat,Geels,Beekbergen
male,Carroll,Bell,Sassenheim
female,Vanessa,McClure,Eindhoven
male,Francis,Townes,Naarden
male,Kimi,Vlemmings,"Den Haag"
male,Wesley,Smith,Ridderkerk
female,Angela,Wagoner,Groningen
male,Nidal,Said,Delft
female,Najwa,Kattan,Venlo
male,James,Burton,Amersfoort
female,Angela,Moore,Vught
male,Charles,Hershberger,Rijswijk
female,Shiyam,Aswad,Winterswijk
female,Silvie,"de Kanter",Amersfoort
female,Lisa,Traverso,Almere
male,David,See,Emmer-Compascuum
female,Hudun,Baba,"Nieuw Heeten"
female,Kathleen,Cox,Zaltbommel
female,Aram,Abboud,Utrecht
female,Ana,Thompson,Leiden
female,Inaam,Safar,Arriën
male,Stanley,McCroskey,Weert
male,Jason,Hasse,Rips
male,Abdul-Badi,Srour,Haarlem
female,Lauren,Bland,Halle
female,Madhavi,Boogerd,Huizen
female,Riëlle,Dalhuisen,Brummen
male,Oğuzhan,Klunder,Arnhem
male,As'ad,Handal,Landgraaf
female,Ayşegül,Voesenek,Stein
female,Leah,Hunt,Kerkdriel
female,Marilyn,Hasson,Schinnen
female,Rozerin,Boshoven,Rotterdam
male,Ferri,"van Lambalgen",Zwolle
male,Mazhar,Shadid,Vlijmen
female,Aisha,Shamoon,Hoofddorp
male,Firas,Asghar,Didam
female,Adriana,"van Troost",Hattem
male,Mathys,Ponsen,Herten
male,Adnan,Saliba,Maastricht
male,Muta',Baba,Stavoren
male,Tyron,Brock,Etten-Leur
female,Rahmah,Shamoun,Beilen
male,Yde,Gilsing,Enschede
male,Charles,Campbell,Denekamp
female,'Abidah,Qureshi,Almere
male,Andrew,Harrison,Rotterdam
female,Barbara,Dow,Bilthoven
male,Mohammed,Kuijsten,Santpoort-Noord
female,Alysa,Heiwegen,Ootmarsum
male,Gary,Gomez,Gouda
female,Stacy,Torrez,Maasland
female,Sybil,Castillo,Amstelveen
male,Robrecht,Gijbels,Aarle-Rixtel
male,Abdul-Muta'al,Nassar,Ruurlo
female,Ethelyn,Chambers,Rotterdam
female,Dilâra,Sitaram,Winterswijk
female,Dhuka',Koury,Leiden
male,Blaine,Wellman,Almere
female,Sybrich,"van Gorsel",Zelhem
female,Durrah,Sleiman,Bilthoven
female,Mayyada,Kouri,Maasbree
male,Brayn,Hilgers,Apeldoorn
male,Sahir,Koury,Zoetermeer
female,Walidah,Assaf,Kerkrade
male,Michael,Spikes,IJsselmuiden
female,Bahiyaa,Mansour,Hilversum
female,Mirna,Smelt,Almere
female,Mille,Oosterwijk,Winsum
male,George,Mann,Hierden
male,'Azzam,Najjar,Gouda
female,Bertie,Soto,Gouda
female,Brenda,Bennett,Dinteloord
male,Gerke,Corver,Hellevoetsluis
female,'Anbarin,Baz,Noordwijk
male,Hamid,Gaber,Utrecht
male,Oliver,Burns,Heerhugowaard
male,Grant,Haakenson,Obdam
male,Barteld,Wielders,Waalwijk
female,Nikkie,Jongen,Groningen
female,Raniya,Samaha,Ederveen
male,Luite,Hemelrijk,Geldermalsen
female,Gaëlle,"van den Reek",Doetinchem
female,Layan,Sarraf,Elst
male,Nusrat,Basara,"Den Haag"
male,Harold,Driver,Helmond
female,Shanice,"van der Donk",Dokkum
male,Omar,Almasi,Hilversum
female,Eleanor,McDaniel,Lichtenvoorde
female,Marie-José,Stroomer,Sint-Oedenrode
female,Eke,Manten,Sauwerd
male,Leo,Magee,Veenendaal
male,Wasil,Dagher,s-Hertogenbosch
male,Leunis,"van Broekhoven",Brucht
male,Musa'id,Kalb,Volkel
female,Duha,Amari,Ooij
male,Edmund,Koks,Veenendaal
female,Aalaa,Awad,Gendt
female,Rowana,"van Bennekom",Bedum
male,Abdul-Muhsi,Mikhail,Goes
male,"Majid al Din",Nazari,Almelo
male,John,Blakely,Wesepe
female,Tina,Garcia,Harlingen
male,"Taym Allah",Wasem,Gorinchem
female,Rachél,Legierse,Haarlem
male,"Baha al Din",Tuma,Oostkapelle
male,Richard,McMillian,Eindhoven
male,Qusay,Sleiman,Almere
female,Carol,Smith,Purmerend
female,Karijn,Veltkamp,Abcoude
male,Nitesh,"van der Bend",Doetinchem
female,Mukarram,Atiyeh,Hardenberg
male,Brandon,George,Geldermalsen
male,Fredrik,Wieling,"Den Haag"
female,Alet,Pauli,Utrecht
male,Mu'nis,Morcos,Lunteren
male,Jidde,"van der Zouwen",Nunspeet
male,Mattheüs,Dudink,Apeldoorn
male,Daniel,Landau,Zaandam
female,Lynette,Gordon,Twello
male,Hamzah,Rahal,Boornbergum
male,"Seif al Din",Koury,Breda
female,Mayke,Dek,"Den Haag"
male,Gudo,Bloemert,Slagharen
male,Loran,"van de Vendel","Egmond aan Zee"
female,Naheeda,Nader,Zeewolde
female,Marie,Strang,Emmen
male,Omran,Samaha,Best
female,Magali,Kroone,Maartensdijk
female,Yassira,Bouten,Klimmen
male,Aymen,Struik,Amersfoort
male,Shafi,Hadad,Maarssen
male,Darin,Stevens,Susteren
male,'Ikrimah,Essa,Voorburg
male,Shihab,Shamoun,Oostwoud
female,Jaden,Lutters,Apeldoorn
female,Nan,Redman,Arnhem
female,Hilary,Frazier,Simpelveld
female,Mary,Arroyo,Maastricht
female,Ivanna,Dijkers,Emmen
male,Carl,Verboom,Reusel
female,Bari'ah,Salib,Beneden-Leeuwen
female,Crystal,Skaggs,Nijmegen
male,Kadin,Ba,Doetinchem
male,Celal,Steen,Rotterdam
male,Jerom,Kasper,Rotterdam
female,Louise,Melendez,Gaanderen
male,Luis,Biermann,Haarlem
male,Farooq,Kassab,Ede
female,Manaar,Bitar,Ridderkerk
male,Mazin,Kanaan,Dordrecht
female,Mary,Lee,"Wehe-Den Hoorn"
male,'Aqil,Bahar,Venray
male,Nadeem,Naser,Groningen
male,"Ata' Allah",Deeb,Dronten
male,Abdul-Barr,Isa,Horst
male,Ferenc,"ten Brink",Hoorn
male,Abdul-Rashid,Isa,Tilburg
male,Steven,Davis,"Capelle aan den IJssel"
female,Huong,Karlson,Leeuwarden
female,Jessica,Fife,Burgerbrug
male,Stoffel,Rouschop,Franeker
female,Samaah,Hanania,Landsmeer
female,Pearl,McCrary,Vledderveen
male,Wander,"van Beem",Breda
female,Myrna,Knox,Groningen
male,Nuhaid,Sleiman,Hengelo
female,Zahira,Krijger,Raamsdonksveer
male,Abdul-Hakam,Antoun,Schoonoord
male,Mas'ud,Tahan,Amsterdam
male,Jean-Paul,Spaan,Assen
male,Raymond,Rivers,Kapelle
female,Roosje,Koorn,Alkmaar
male,Cedric,Robert,Uithoorn
male,Amro,Walinga,Gemert
male,Rikus,Louw,Amstelveen
female,Fawziya,Toma,Barendrecht
male,Mushtaq,Wasem,Delft
female,Afaf,Sabbag,Waddinxveen
female,'Itaf,Kouri,Niebert
male,Humam,Awad,Coevorden
male,Marin,"van Broekhoven",Almen
female,Humairah,Ganim,Ermelo
male,Wade,Omara,Almelo
male,Yahia,Biesmans,Spijkenisse
female,Hameeda,Issa,Uithuizen
male,Rayyan,Deeb,Wagenborgen
female,Rana,Gerges,Emmeloord
male,Abdul-Azim,Najjar,Herkenbosch
male,Jay,Taylor,Erp
female,Khairiya,Abboud,Nieuwegein
female,Iman,Haik,Overloon
female,Duha,Qureshi,Dodewaard
female,Neelam,Trouwborst,Maastricht
female,Rashidah,Almasi,Peize
female,Uwaisah,Sayegh,Schiedam
female,Démi,Houtenbos,"Den Haag"
female,Zaafirah,Ghanem,Hardenberg
male,Wiebren,Kruis,Tiel
male,Abdul-Jalil,Tahan,Zwijndrecht
male,Emerson,Archer,Rotterdam
female,Evelyn,Tubbs,Breda
male,John,Houston,Arnhem
female,Arabella,Pelgrim,Hallum
male,Jalil,Fakhoury,Tilburg
male,John,Smith,Haarlem
female,My,"van der Stelt",Lochem
male,Muntasir,Boulos,Brouwershaven
female,Pamela,Brown,Nieuwegein
male,George,Seawell,Amsterdam
male,Thomas,Hardiman,Philippine
male,Eric,Lindsay,Alkmaar
male,Ihab,Berg,Arkel
female,Farizah,Haik,Nieuw-Amsterdam
male,Andre,Wams,Groningen
male,Taj,Nahas,Utrecht
female,Busr,Zogby,Grijpskerk
female,Jocelyn,Bierings,Utrecht
female,Halimah,Deeb,Groningen
female,Alisa,Oord,Doornenburg
female,Edwina,Alofs,Veldhoven
female,Lujain,Ganim,Amsterdam
male,Abdul-Basir,Najjar,Sleen
female,Megan,Vallejos,Mierlo
female,Jada,Bazzi,Venlo
male,Nazim,Hanania,Lichtenvoorde
male,Khaldoon,Samaha,Zwaagdijk
male,Salvador,Bonnett,Amsterdam
female,Wandana,Verstraaten,Hilversum
female,Ru'a,Abadi,Apeldoorn
female,Khalidah,Shamon,Stadskanaal
female,Jolina,Boesten,Leeuwarden
male,William,James,Wateringen
female,Carolyn,Spence,Ridderkerk
male,Gregor,Rog,"Capelle aan den IJssel"
male,Matthijs,Rigters,Zoutkamp
female,Esha,Dorland,Utrecht
female,Mae,Bissonnette,Zoetermeer
female,Gabriela,Mels,Volendam
female,Maurien,"van de Zande",Elahuizen
female,Tiana,Modderkolk,Wierden
female,Kay,Lovejoy,Stramproy
female,Justina,Steinbach,Bavel
female,Tiara,Varner,Arnhem
female,Ana,Krause,"Alphen aan den Rijn"
female,Frances,Ramirez,Zoetermeer
female,Asiyah,Ganim,Deventer
male,Talib,Masih,Bussum
male,Charles,Warren,Rotterdam
female,Sue,McNeill,s-Hertogenbosch
female,Jeanie,Bodnar,Joppe
male,Timen,Hamoen,Sint-Michielsgestel
male,Thomas,Porter,"Nieuwe Pekela"
female,Penelope,Hamilton,"Krimpen aan den IJssel"
female,Yasmine,Kassab,Lichtenvoorde
male,Wesley,"van den Doel",Schoonrewoerd
male,Stanley,Nyberg,Delft
female,Paula,Jackson,Eibergen
male,Nash'ah,Sabbagh,Spaarndam
female,Juli,Marijt,"Den Helder"
male,George,Lee,Gemert
female,Noëlla,Groenenboom,Zaandam
female,Joyce,Craft,Bussum
female,Frances,Boucher,Rotterdam
female,Anwar,Sabbagh,Dreumel
female,Asja,Janissen,Helmond
male,Royce,Patino,Amsterdam
female,Natasha,Minix,Gorredijk
female,Huda,Kouri,"Sas van Gent"
female,Andrea,Hoots,Hulst
male,Bruce,Criswell,Haaksbergen
female,Müge,"van der Vleuten",Holten
female,Regina,Smith,Amsterdam
female,Bilqees,Qureshi,Rotterdam
female,Badriya,Moghadam,Roermond
female,Pamela,Cole,Haarlem
male,Yaïr,Polderman,Zeewolde
male,Oebele,"van der Schuit",Amsterdam
female,Cindy,Peeples,Horst
female,Seline,Verdaasdonk,Veenendaal
male,Enrique,Rozenberg,Vlaardingen
female,Marjorie,Anderson,Almelo
male,Jenno,Jongstra,Groningen
male,Milford,Crooks,Apeldoorn
male,Ervin,Gunsing,Leeuwarden
male,Zowie,"van Zonneveld",Nijkerk
male,Nathan,Stroop,Lutkewierum
female,Banan,Tuma,Wormer
male,Kevin,Harvey,Winterswijk
male,Clinton,Perez,Middenmeer
female,Willempje,Vugs,Zaltbommel
male,"Fakhr al Din",Seif,Zegge
female,Charlotte,Harris,Heeswijk-Dinther
female,Fawz,Halabi,Malden
female,Tawbah,Sabbag,Arnhem
male,Hamid,Hakimi,Herveld
male,Zwier,"van der Kooij",Oss
female,Mu'minah,Antar,"Koog aan de Zaan"
male,Batuhan,"de Been",Amsterdam
male,Benjamin,Green,Soest
female,Athir,Mifsud,Sneek
female,Walidah,Mansour,Waalwijk
female,Martha,Scruggs,"Bergen op Zoom"
female,Shaymaa,Maroun,Eindhoven
male,Laverne,Jones,Wommels
female,Fareeda,Guirguis,Vijfhuizen
male,Akil,Ganem,Maarssen
female,Dalal,Bahar,Brielle
female,Rumaylah,Atiyeh,Houten
female,Linda,Albright,Rijswijk
female,Fellah,Malouf,Hengelo
female,Jonneke,Gommers,Purmerend
male,Anco,Polderman,Herveld
female,Engelien,Korporaal,Hattem
female,Anika,Hoogvliet,Amsterdam
female,Romi,Luten,Sleeuwijk
female,Janet,Montagna,Wervershoof
female,Mahbubah,Gaber,Alkmaar
female,Jaimie,"van de Poel",Nieuwehorne
female,Nan,Cedillo,Nuth
female,Liselot,"van der Biezen",Dordrecht
male,Nasim,Assaf,Dordrecht
male,Tomislav,Becks,"Alphen aan den Rijn"
male,Brando,Scheltens,Gouda
female,Eef,Epskamp,Angeren
male,Gary,Brady,Apeldoorn
female,Joann,Williams,Venhuizen
male,Nima,Veldhuizen,Ubbergen
male,Tex,Wennink,Geesbrug
male,Symen,Stabel,"Hazerswoude Dorp"
female,Wajihah,Ganem,Vorstenbosch
female,Ethel,Graziano,Lekkerkerk
female,Veronica,Dufault,Amersfoort
male,Jerry,Mach,Middenmeer
female,Yvonne,Canter,Yerseke
male,Thimon,Nuijen,Wemeldinge
female,Hala,Safar,Kudelstaart
female,Rima,Harb,Groningen
female,Judy,Collins,Leeuwarden
male,Mauritz,Braas,"Wijk bij Duurstede"
female,Judy,Whitmire,Deventer
male,Lane,Morris,Roosendaal
female,Is'af,Sarraf,Assendelft
female,Gönül,Wormgoor,Naaldwijk
female,'Anbarin,Boulos,Onderdendam
male,Jim,Dinsmore,Amsterdam
male,'Akif,Ghannam,Vlaardingen
male,'Urwah,Essa,Boskoop
male,Jose,Wilson,Wieringerwerf
male,Mark,Ward,"Den Haag"
female,Margriet,Jolink,Eindhoven
male,Amir,Tannous,Buren
male,Romek,"van Wersch",Tilburg
female,Afya,Morcos,Ouddorp
female,Audrey,Chamberlain,Soest
female,Soufiane,Vrijdag,Emmen
female,Fadilah,Touma,Schiedam
female,Joyce,Williams,Tjuchem
female,Heather,Vigil,Amsterdam
female,Margo,"van den Brandt",Kamperland
male,Adam,Godfrey,Best
male,Louis,Zuniga,"Den Helder"
female,Birgit,Loonen,Rotterdam
female,Murjanah,Moghadam,Oosterhout
male,Nasr,Yildiz,Deventer
male,Matin,Boosten,Susteren
male,Hilal,Halabi,Vleuten
female,Elyse,"van Grootel",Eindhoven
male,Michael,Hauck,Apeldoorn
male,Wan,Bolk,Holten
male,Mu'ayyad,Guirguis,Rotterdam
female,Sumnah,Asghar,Roosendaal
male,Jamal,Essa,Hall
male,Nu'aim,Asfour,Voorburg
female,Joan,Johns,Varik
male,Hayyan,Khouri,"Den Helder"
male,Rasmi,Toma,Veenendaal
female,Samya,"de Baar",Amstelveen
male,Nol,Oorschot,Bergambacht
male,Rinaldo,Vedder,"Den Dungen"
male,Abdul-Muhyi,Hakimi,Lettele
female,Nasim,Antar,Reuver
male,Arthur,Baker,Lewedorp
male,Harun,Kolman,Bergen
female,Fawziya,Ganem,Heiloo
female,Jemima,"van Kruistum",Enter
male,David,Najar,Zoetermeer
female,Mildred,Larsen,Uden
female,Evita,Radix,Ridderkerk
female,Ayaan,Brenninkmeijer,Eerbeek
male,Ahmed,Sleiman,IJsselstein
male,Abdeljalil,Rommers,Dordrecht
male,Zwier,Willekens,Smilde
female,Suhair,Kanaan,Someren
male,Jabbar,Abadi,Almere
male,Rahim,Broersen,Alkmaar
female,Cathelijn,Samson,Rosmalen
male,Lubaid,Ghannam,Schiedam
female,Lillie,Jameson,Zwartsluis
female,Suhailah,Naifeh,Utrecht
female,Farhah,Harb,Voorschoten
male,Daniel,Mannino,Huizen
male,Johny,Stouthart,"Tull en 't Waal"
female,Ghadah,Handal,Oldeberkoop
male,Leander,Kabel,Utrecht
male,Dennie,Schoonhoven,Veenendaal
female,Breanna,Whitworth,Venlo
male,Donald,Tabb,Sint-Oedenrode
female,Glenda,Thrasher,Katwijk
female,Ellen,Winter,Emmeloord
male,Hanif,Kassis,Amsterdam
female,Suhayr,Boulos,Middelburg
female,Jeannine,Klijn,"Sint Odiliënberg"
male,Edson,"te Wierik",Amsterdam
male,Warren,Doherty,"Ter Apel"
female,Yannick,Vennik,Gemert
male,Yannic,Brunsveld,Rotterdam
male,Boulos,Sarraf,Delft
male,Abdul-Malik,Maroun,Zeijerveen
female,Anandi,Kerkhoven,Hellevoetsluis
male,Floriaan,Trompetter,"De Kwakel"
female,Stacy,Ortega,Halsteren
female,Idalia,Urban,Roden
female,Tanja,Schoop,Heerhugowaard
male,Namir,Asfour,Alphen
female,Umamah,Deeb,Huizen
male,John,Banks,Arnhem
male,Kenrick,Rodenhuis,Wilnis
female,Man,Lommerse,Leiden
female,Chloe,Cox,Lopik
female,Duha,Maroun,Uithuizen
male,Firas,Baba,Hendrik-Ido-Ambacht
male,Walter,Smith,Haarlem
male,William,McKinney,Pannerden
male,Nanko,Gerssen,Breda
male,John,Matos,Veenendaal
female,Gülşen,Mertens,Amsterdam
male,Joel,Steigerwald,Leidschendam
male,Reinard,Moens,Culemborg
female,Ruby,Carruthers,Zwolle
female,Rudaynah,Ganem,Lisse
male,Harrison,Gordon,Amsterdam
male,Jonathan,Oakley,Amsterdam
female,Dorothy,Oliver,Zoetermeer
female,Fakhriyah,Ganim,Hilvarenbeek
female,Pietronella,Joziasse,Andijk
female,Joanne,Hadderingh,Rijnsburg
male,Billy,Robbins,Moerkapelle
male,Kris,Watts,Middelharnis
female,'Afra',Najjar,Roosendaal
female,Berdien,Kuppen,Amsterdam
female,Rosanne,Drijfhout,Reeuwijk
male,William,Eller,Breda
male,Jimmy,"den Boef",Mantgum
female,Lee,Kershner,Alkmaar
male,Scott,Gierveld,Oosterwolde
female,Zahrah,Safar,Vledder
male,Aladdin,Daher,Hardenberg
male,Carl,Hickman,Halle
female,Debra,Raminez,Zaltbommel
female,Fahdah,Seif,Leimuiden
female,Ylva,Stoutjesdijk,Rotterdam
male,Robert,Johnson,Veldhoven
male,"Naif Na'il",Khoury,Wanroij
female,Karen,Williams,Zeist
female,Lisa,Hart,"Den Haag"
female,Haala,Moghadam,Vriezenveen
female,Brenda,Taylor,Rotterdam
female,Norma,Bonilla,Hoorn
male,Reda,Fakhoury,Albergen
female,Yentel,Toonen,Hoogeveen
male,Boaz,Kist,Oss
female,Bara'ah,Qureshi,Moordrecht
female,Robi,"van Wakeren",Kollum
male,Rabi,Antoun,"Beek en Donk"
male,Winfried,Leenen,Hoenderloo
male,Alje,"van der Berg",Arnhem
male,R,"van Vroonhoven",Twello
male,Antwan,Naber,"Den Haag"
male,Lazlo,"van der Slot",Borculo
female,Durrah,Touma,Harderwijk
female,Maria,Soto,Vlissingen
male,Joseph,Duke,Waspik
male,Everhard,Elschot,Landgraaf
male,Wolter,Boxma,"Ter Aar"
female,Willy,Lommen,Tiel
female,Nazirah,Daher,Tiel
female,Betty,Dillard,Velserbroek
female,Aroob,Naifeh,Breda
female,Millicent,Cunningham,Ede
female,Phyllis,Jiles,Venlo
female,Rasha,Gijsbertsen,"Den Haag"
female,Wisaam,Khouri,Bodegraven
male,Umarah,Harb,Zoetermeer
male,Chester,Stuckey,Tilburg
male,Kevin,West,"Schin op Geul"
female,Shadhaa,Ghanem,Hoofddorp
male,Desmond,Galloway,Hoogkarspel
male,Robertino,Hendricks,Ede
male,'Ikrimah,Kalb,Amsterdam
male,Abdul-Wahid,Arian,Amsterdam
male,Mahir,Baba,Ede
female,Suhaymah,Nader,Diemen
female,Ghayda',Rahal,Gilze
male,Koos,"van den Bergen",IJmuiden
female,Lian,Bullens,Eindhoven
female,Angelle,Wigger,Groningen
female,Hayfa',Qureshi,Winschoten
female,Ruth,Harwood,Oldenzaal
female,Hasibah,Kanaan,Lelystad
female,Colleen,Jongstra,Stolwijk
female,Sophia,Stowell,Geldrop
female,Steffany,Vijfvinkel,Heiloo
male,Abdul-Muqtadir,Ghanem,Valkenswaard
male,Ramadan,Tuma,Heemstede
female,Buhaysah,Bishara,Velp
female,Maureen,Cooper,Hensbroek
female,June,White,Haaksbergen
male,Taylor,Doesburg,"Den Haag"
male,Alexander,Harinck,Almelo
female,Johanna,Chandler,Venhuizen
male,David,McCorkle,Eersel
male,John,Bissonette,Amsterdam
male,Louk,"van Londen",Almkerk
male,Rasmi,Hakimi,Oisterwijk
male,Camiel,Helmer,Lochem
male,Rody,"van der Schoot",Eerbeek
female,Lisa,Brown,Apeldoorn
female,Ichelle,Lamme,Harlingen
female,Cyrelle,Faasse,Veenendaal
male,William,Tucker,Zoetermeer
female,Jorike,Langenbach,Naarden
male,Joshua,"van Bergeijk",Lettele
female,Caron,Arthur,Haarlem
male,Shakib,Hakimi,Rinsumageast
female,Mona,Ganem,Volendam
female,Fadilah,Botros,"Den Haag"
female,Masahir,Ghanem,Breukelen
male,Leander,"ten Haaf",Tiel
male,Alhusain,Totah,Dordrecht
female,Wadi'ah,Shamoun,Maastricht
female,Fiddah,Antar,"Sint Willebrord"
female,Anne,Dennis,Nieuwegein
male,Fredric,Ramirez,"De Rijp"
female,Jolijn,Noteboom,Leersum
male,Ragheb,Kassis,Nistelrode
male,Albert,Kratzer,Heeswijk-Dinther
female,Tharwah,Issa,Velp
male,Pat,Griffin,Amsterdam
male,Amrit,Vredenburg,Groet
female,Beverly,Thigpen,Uden
female,Mary,Bishop,Papendrecht
male,Luke,"ten Hoven",Oostvoorne
female,Mijntje,"van Hoogstraten",Rotterdam
male,Richard,Albert,"Den Haag"
female,Eleanor,Severns,Creil
female,Salsabeel,Khouri,Oosterland
female,Chiara,Celie,Amstelveen
male,Jeramy,Cason,Haarlem
female,Nasim,Abadi,Zuidbroek
female,Mabel,Hensley,Wolvega
female,Saja,Malouf,Santpoort-Noord
female,Catherine,Dye,Ede
male,Masun,Gerges,"Alphen aan den Rijn"
female,Hilary,Locklear,Stolwijk
female,Shaniqua,Roeffen,Urk
female,Heather,Burns,Assen
female,Asude,Zandbergen,"Nieuw Vennep"
female,Donna,Holloway,Groningen
male,Joram,Daalmeijer,Rotterdam
male,Frits,Sietsma,Heerhugowaard
male,Azhar,Maalouf,Schalkhaar
female,Jennifer,Johnson,Ede
male,John,Woodworth,Amsterdam
female,Nouhaila,"van Velden",Meeden
male,Nijad,Malouf,Eindhoven
female,Nassima,Krul,Breda
male,Lonnie,Stewart,Noordwijkerhout
male,Jaimey,Kloppers,Kerkrade
female,Clare,"van Mastrigt",Heerlen
male,Sabeeh,Hakimi,Maastricht
female,Nadidah,Morcos,Teteringen
male,Philip,Rose,Zoutelande
female,Ora,Fitch,Amsterdam-Zuidoost
male,Walif,Kanaan,Monnickendam
female,Nurgül,Hommersom,Meppel
male,John,Perry,Gapinge
female,Sue,Wardell,Slagharen
female,Edna,Estrada,Eindhoven
female,Zainab,Seif,Barendrecht
male,Yusri,Khoury,Breda
male,William,Miller,Steenwijk
female,Nuriyah,Touma,Langezwaag
female,Wajeeha,Atiyeh,Apeldoorn
male,Ot,Pouls,Apeldoorn
male,Anthony,Brian,Vught
female,Joya,Koops,Bolsward
male,Yousef,Ribbink,Utrecht
female,Leona,Morales,Almelo
female,Barbara,Wilson,Lepelstraat
female,Michal,Schoneveld,Almere
male,Stephen,Palmer,Valkenswaard
female,In,Orellana,Tegelen
male,Chas,Ambrosino,Veendam
male,Hugo,Wang,Amstelveen
female,Mireille,"van Diejen",Langenboom
male,Qusay,Maroun,Heeze
male,Ralph,Carr,Dordrecht
male,Robert,Ehrhart,Soest
female,Nirvana,Vijfhuizen,Schalkwijk
female,Dalal,Boulos,Volendam
male,Abdul-Rahman,Antar,Oss
female,Mayyada,Hanania,Dordrecht
female,Rebecca,Duque,"Hoek van Holland"
male,Aiden,Kriek,Heemskerk
male,Lloyd,Gentile,Naaldwijk
female,Inaya,Bahar,Renkum
female,Fleur,"van der Spoel",Workum
male,Ryan,Cummings,Putten
female,Huda,Wasem,Almere
male,"Diya al Din",Hanania,Hoogvliet
female,Agneta,Kromkamp,Heerlen
male,Suoud,Kassis,"Bosch en Duin"
female,Jacomijntje,Wijnholds,Leiden
female,Maria,Powell,Roermond
female,Kit,Elands,Wierden
male,Willie,Laguna,Amsterdam
male,Yahya,Saliba,IJsselstein
male,Abdul-Wahhab,Shalhoub,Zandpol
male,Kevin,Loranger,Apeldoorn
female,Jovanka,"van Schaik",Zwolle
male,Tayfun,Meessen,Amsterdam
male,Suhail,Touma,Steenwijk
male,Shadi,Malouf,Swalmen
male,Virgil,Shealy,Arnhem
female,Wafa',Hadad,Domburg
female,Denise,Thomson,Purmerend
male,Daryl,Elias,Wamel
female,Jannine,Riem,Utrecht
male,"Najm al Din",Qureshi,Nijmegen
female,A'dab,Essa,Bussum
female,Juwairiyah,Gaber,Swalmen
male,Wiresh,Schoneveld,Valkenswaard
male,Pjotr,Reijmer,Rotterdam
female,Earlean,Jones,Almelo
male,Rushd,Maroun,Ede
male,Su'ud,Almasi,Apeldoorn
male,Jody,Smith,Heino
female,Asma',Kassab,Harlingen
female,Misty,Nielson,Voorburg
female,Lois,Bailey,Zaandijk
male,Lemar,"van de Mortel",Zevenhuizen
male,Sean,Maria,Ried
male,Jafar,Groot,Nieuwer-Ter-Aa
male,Bayhas,Ba,Waalwijk
female,Amsah,Masih,Stadskanaal
male,Edward,Terry,Schiedam
male,Antonie,Ooteman,"Hoog Soeren"
female,Brittany,Salazar,Lelystad
male,Harold,Schaub,Weesp
male,Salem,Polling,Maastricht
female,Cynthia,Reed,Coevorden
male,Tommy,Fleenor,Vlissingen
female,Baraa'a,Seif,Helenaveen
male,Matty,Hamminga,Helmond
male,Alonso,Jacobson,Wieringerwerf
male,Dhakwan,Zogby,Rotterdam
male,Anouar,"van Groesen",Spijkenisse
female,Christina,Saez,Nuenen
male,Mostapha,Siersema,Steggerda
male,Guy,Peterson,Heemstede
male,Alejandro,Hillenbrand,Nunspeet
female,Ma'isah,Moghadam,Zevenbergen
male,Richard,Cole,s-Hertogenbosch
male,Jadon,"van Aalderen",Voorschoten
female,Jennifer,Parisien,Oosterhout
female,Cindel,Andriessen,"Den Haag"
male,Jaap,Hofmann,Breukelen
male,Henry,Dunn,Rotterdam
male,Fernando,Burris,Middelburg
female,Amtullah,Morcos,Megen
female,Shuhrah,Cham,Schiedam
female,Habibah,Safar,Almelo
male,Jauke,Nieuwenhuijse,Oirsbeek
female,Radeyah,Aswad,Rotterdam
male,Isma'il,Mustafa,Almere
male,Michael,Headrick,Hoensbroek
female,Judith,Owens,Arnhem
male,Miguel,Boissonneault,Drempt
female,Hanifah,Wasem,Meppel
male,Jimmy,Smith,Hoensbroek
female,Israe,Schaafsma,Gendt
male,Alfonso,"van Uffelen",Haarlem
female,Félice,Welp,Amsterdam
male,Sajjad,Nader,Damwâld
female,'Idhar,Tuma,Koningslust
male,M'Hamed,Vijverberg,Burgum
female,Lori,Marble,"Sint Jacobiparochie"
female,Ruth,Dolloff,Stiens
male,Arnaud,Golsteijn,Alkmaar
female,Max,"van Keulen",Oldebroek
female,Rachel,Ludwig,Nijland
female,Nadira,Bitar,Utrecht
female,Selma,"van Rooijen",Rotterdam
male,Andor,Leene,Amsterdam
male,"Badi al Zaman",Handal,Zwolle
male,Jarir,Nazari,Ulft
female,Nawrah,Najjar,Uithoorn
female,Emma,Geary,Zoutkamp
female,Ghadah,Maloof,Breda
male,Jorgen,"de Bok",Rockanje
female,Christine,Kaufman,Oss
male,Muflih,Moghadam,Schiedam
female,Latasha,Rodriguez,Maarn
female,Maizah,Maroun,Hellevoetsluis
female,Nathaly,Altenburg,Dronten
female,Wanda,Kowalewski,Scharendijke
female,Mary,Dubois,Amsterdam-Zuidoost
male,Michael,Buford,Zeist
male,Abdul-Hafiz,Shammas,Vleuten
male,Mark,Smith,Huizen
female,Elsie,Williams,"Tweede Exloërmond"
female,Eloise,Hardin,Rheden
male,Jarred,Sisson,Almere
female,Debbie,Santiago,Baarn
female,Wahibah,Rahal,Wageningen
male,Marzuq,Qureshi,Deventer
male,Enrique,Witt,Drachten
female,Sameeha,Naser,Hardenberg
male,Kateb,Bahar,Lochem
male,Sibren,"van der Meijs",Hillegom
female,Lorijn,Luijten,Driehuizen
female,Hana',Amari,Papendrecht
female,Yonna,Woudstra,Zwolle
female,Annelotte,Perquin,Bussum
female,Louie,Hammond,Eindhoven
male,Manus,"van Dinther",Arnhem
female,Clara,White,Olst
female,Sherrifah,Haddad,Rotterdam
male,Frank,Moore,Beneden-Leeuwen
male,Matthis,"van der Zeeuw",Katwijk
female,Lamya,Basara,Steenbergen
female,Huriyah,Srour,Breda
female,Soukayna,Speelman,Harich
male,Jorin,Bekkers,Oudendijk
male,Antoine,Kenter,Heerle
female,Tina,Hoffman,Heesch
male,Gerry,Remmerswaal,Groningen
male,Bonne,"van Voorden",Leidschendam
female,Alzubra,Abboud,Driebruggen
male,Fred,Bosgraaf,Mill
female,Lava,Erven,Katwijk
male,David,Stephens,Zaandijk
male,Zino,Kuyper,Delfzijl
female,Lizan,Pluk,Rotterdam
male,William,Talbot,Nuenen
female,Heintje,Boekholt,Oterleek
male,Lukasz,Felter,Bladel
female,Siddiqah,Botros,Maarssen
female,Yusraa,Ba,Helmond
male,Jerremy,Verkooijen,Heiligerlee
female,Lyndsey,Kooistra,Hengelo
female,Lawana,Montague,Wageningen
female,Denise,McBride,Hoofddorp
female,Asma,Jaspers,Almelo
male,"Abu al Khayr",Hadad,Werkendam
female,Nouf,Ghanem,Aalten
female,Adara,Shadid,Amsterdam
male,Abdul-Wakil,Khouri,Zandvoort
male,Daren,Calle,Simpelveld
male,Abdelilah,"van den Hengel",Schijndel
male,Maurice,Drew,Emmen
male,Zakiy,Botros,Delft
male,Majid,Naifeh,Vinkega
male,James,Hernandez,Winschoten
female,Lissette,Neiman,Almere
male,George,Sena,Echt
male,Steven,Herrera,Sliedrecht
male,Rais,Tuma,"Nieuw Vennep"
male,Ermin,"van Hooren",Waarland
female,Nadina,Middelburg,Gasselte
female,Raniya,Malouf,Enkhuizen
female,Marcy,Hall,Geleen
female,Adara,Halabi,Oldeholtwolde
male,Alberto,Ponder,Roosendaal
male,Ritish,Buunk,Oostburg
male,Paul,Taylor,Leiden
female,Kristina,Hoogendoorn,Dreumel
male,Mark,Perine,Vlodrop
female,Renee,Fernandez,Streefkerk
female,Monica,Mackey,Gendringen
female,Tietje,Kuivenhoven,Culemborg
male,Dani,Asfour,Afferden
male,Lahab,Dagher,Bussum
male,Qutaiba,Naifeh,"Beek en Donk"
female,Juwayriyah,Samaha,Nijmegen
female,Bernadette,Buitron,Ridderkerk
female,Fahima,Daniel,"Sint Philipsland"
female,Emma,Jones,Groningen
male,Kevin,Heinrich,Willemsoord
female,Munawwar,Nahas,Oudenbosch
female,Bibiche,"de Kruijff",Klundert
male,Binc,Gringhuis,Strijen
female,Fayruz,Shalhoub,Nieuw-Dordrecht
female,Lami'ah,Rahal,Barendrecht
female,Mary,Conover,Duiven
male,Clayton,Springer,Eethen
male,Nu'aim,Almasi,Etten-Leur
female,Yi,"van der Klift",Purmerend
male,Aissam,Everts,Breda
female,Simone,Tijs,Arnhem
female,Jawharah,Abboud,Urk
male,Dwight,Morrissey,Terneuzen
female,Dhakirah,Handal,s-Hertogenbosch
male,Brian,Sedlak,Eindhoven
female,Robbi,Duvall,Roermond
male,Arent,Koppers,Heerewaarden
female,Suhair,Fakhoury,Haarlem
male,Omar,Gerges,Kloosterzande
male,Maysarah,Assaf,Maarn
male,Seyhan,Nieborg,Eindhoven
female,Michelle,Howard,Wanroij
female,Dorothy,Hart,Woudsend
male,Alberto,Morrison,Groningen
female,Sadad,Arian,Almere
female,Suhailah,Tuma,Overberg
male,Denilson,Vrijhof,Bergeijk
male,Juan,Loehr,Brummen
male,Adnan,"van Liere",Vlaardingen
male,Saifeddine,Copier,Aalsmeer
female,Ma'ab,Bitar,Amsterdam
male,Billy,Greene,Borculo
female,Sharida,Westerkamp,Amsterdam
female,Sibaal,Srour,Ochten
female,Evaline,Nagtegaal,Nieuwkuijk
female,Margaret,Ames,Tilburg
male,Najeeb,Wasem,Amsterdam
female,Shannah,Meulensteen,Rotterdam
male,William,Garcia,Nijmegen
female,Deborah,Frazier,Amsterdam
male,Lyndon,Kobus,Willemstad
male,'Imran,Moghadam,Haarlem
male,Timmie,Thissen,Hengelo
female,Deborah,Stratton,Dwingeloo
female,Eelke,Greuter,Apeldoorn
male,Ernest,Beekman,Hengelo
female,Gabriëla,Kalkhoven,Huissen
female,Sandra,Fortney,Amersfoort
male,Rim,"van Beusichem",Sint-Oedenrode
male,Ger,Cuijpers,Urk
male,Jim,Flynn,Schalkwijk
female,Shelia,Waters,Haarlem
female,Essie,Dolan,Zwijndrecht
male,Tamim,Hanania,Nijmegen
male,Fayyad,Touma,Ermelo
female,Dewika,Mangnus,Elst
female,Elora,Berendse,Nieuwegein
male,Toni,Stevens,Enschede
female,Fadheela,Sarkis,Stevensweert
female,Phyllis,Tuijn,Midlum
male,Kevin,Frank,Nagele
male,Luis,Carter,Rotterdam
male,Fulco,Boomgaard,Hoogvliet
male,Abdul-Hamid,Bishara,Eindhoven
male,Mus'ab,Awad,Tilburg
female,Ra'idah,Basara,Roden
female,Jale,Blankespoor,Amersfoort
male,Ali,Boutros,Vught
male,Manuel,Duarte,Bleiswijk
female,Sjoerdtje,Rietman,"Den Haag"
female,Helen,Plante,Goirle
male,Liban,Scheurwater,Siebengewald
female,Margo,Smith,Roosendaal
male,Marco,Sedlacek,Emmen
male,Mahjub,Maroun,Haarlem
female,Samira,"van den Dool",Amsterdam
female,Roosmarie,Marissen,Venlo
female,Kathy,Lanier,Groningen
male,Jurie,Eijkemans,Kaatsheuvel
female,Maria,Benitez,Dokkum
female,Dionysia,Rooze,Twello
male,'Id,Naser,Almere
female,Umaymah,Seif,Bodegraven
male,William,Mitchell,Goutum
male,Qays,Khoury,Rotterdam
female,Jaime,"van Meerendonk",Nispen
female,Zora,Jurgens,Wormer
male,'Adli,Kanaan,Kudelstaart
male,Hakim,Gerges,IJsselstein
female,Ella,Millenaar,Tytsjerk
female,Elizabeth,Quarles,Stavoren
male,Dwight,Mann,Lelystad
female,Kiona,Wiersema,Gemonde
female,Zahra',Morcos,Finsterwolde
female,Jacolien,"ter Maat",Groningen
female,Nasira,Sabbag,Haarlem
male,Pijke,"van den Berg",Rotterdam
female,Marzuqah,Maroun,Berkhout
male,Don,Samson,Maarheeze
male,Clyde,Hillyer,Waspik
female,Mimi,"van Zuijlen",Giessenburg
female,Nashwa,Wasem,Elburg
female,Hananja,Roosjen,Amsterdam
male,Mel,Jongbloed,Darp
male,Sil,Veldhuisen,Ruinen
male,Eugene,Blackman,Groningen
male,Timo,Vlassak,Boskoop
male,Robert,Garrity,Creil
female,Naciye,Westgeest,Hoevelaken
female,Ileana,Dean,Delft
female,Tina,Reid,"Den Haag"
female,Ardina,Fijneman,Gouda
female,Susan,Grantham,Almere
female,Jeanny,Kwekkeboom,Oldenzaal
male,Jasin,Kragten,Zoetermeer
male,Rody,Woertman,Badhoevedorp
male,"Nur al Din",Kattan,Nieuwegein
female,Josta,Goos,Hoofddorp
female,Zahwah,Fakhoury,Lunteren
male,Yaman,Ghanem,Noordwijk
female,Latifah,Touma,Eindhoven
male,Jivan,"van der Have",Zuidwolde
female,Birte,Böhmer,Rotterdam
male,Hanbal,Quraishi,Rotterdam
female,Sheetal,Kerstens,Heerjansdam
male,Wafeeq,Malouf,Zevenaar
male,Ethan,Frye,"Wijk bij Duurstede"
male,Earl,McClendon,Amsterdam
male,Yiğit,Daalman,Woudenberg
female,Lamees,Morcos,"Den Haag"
male,Kaliq,Masih,Weert
female,'A'ishah,Isa,Strijen
female,Shadhiyah,Baz,Heino
male,Peter,Grajeda,Hoogeloon
female,Kawakib,Asfour,Wildervank
female,Hylkje,Kuijten,Tilburg
female,Marlous,"van den Akker",Middelharnis
male,Abdul-Rahman,Safar,Hagestein
female,Hilletje,Korporaal,s-Gravenzande
male,Paul,Orozco,Sittard
female,Malakah,Assaf,Woerden
female,Noorah,Arian,Zoetermeer
female,Tharaa',Handal,Vlaardingen
male,Maik,Broeken,Aalden
female,Alia,Arian,Schijndel
female,Anne-Linde,Stuart,Deventer
male,Vural,"van der Hart",Eindhoven
female,Patricia,Cruz,Giesbeek
female,Miki,Schotsman,Neede
male,William,"van Plateringen",Oosterhout
male,Ran,Hoenderdos,Delft
female,Shiyam,Najjar,Amsterdam
female,Goldie,Matthews,Heerde
male,Kutaiba,Khoury,Zuidbroek
female,Roxana,Sandee,Maartensdijk
female,Stella,"van Giersbergen",Hoorn
female,Ibtissam,"van Gendt",Deventer
male,Bakr,Essa,Hendrik-Ido-Ambacht
female,Futun,Issa,Wolfheze
male,Iqbal,Khoury,Stein
female,Angenita,Schouwstra,Schiedam
male,Sijbren,Spapens,Amsterdam
female,Brandy,Kregting,Eindhoven
female,Heather,Geleijns,Maastricht
male,Keith,Peel,Rossum
female,Graciela,Scheele,Bussum
female,Shari,Pixley,Emmen
male,Suhaib,Khouri,Baarlo
male,Shahin,Safar,Rozendaal
male,'Aqil,Rahal,Schiedam
female,Tameka,Quinn,Kruiningen
female,"Hibat Allah",Attia,Tiel
female,Aamal,Naser,Finsterwolde
female,Tammy,Sandoval,Houten
female,Laurie,Bowie,Nuenen
male,Jaël,Braat,Rotterdam
male,Semi,Meekes,Eemnes
male,Jorge,Tanner,Edam
female,Azhaar,Asfour,Apeldoorn
female,Rosemary,Brandon,Zoeterwoude
female,Wajeeha,Asker,Hollandscheveld
female,Geraldine,Warner,Zevenbergen
male,Xander,Stoks,"Capelle aan den IJssel"
male,Fareed,Maroun,"Den Haag"
male,Donald,Wood,Dordrecht
female,Badra,Tannous,Groningen
male,Qasim,Attia,Stein
male,Conner,Elst,Appelscha
male,Remo,Siersema,Voorburg
female,Amala,Aswad,Cuijk
female,Rebecca,Evans,Veendam
female,Elizabeth,Cleveland,"Den Haag"
male,Frenk,"van Maurik",Volendam
female,Amala,Hanania,Woerden
female,Marie,Miller,Bunschoten-Spakenburg
female,Monja,Steenbakker,Amsterdam
male,Eugene,Woudsma,Hendrik-Ido-Ambacht
female,Mary,Howard,"Krimpen aan den IJssel"
female,Puk,Muijtjens,Drachten
male,Jack,Whitson,Zaandam
male,Terrell,Hagan,Hoogeveen
female,Hagar,"van Overdijk",Harlingen
male,Abdul-Qahhar,Seif,Emmen
female,Jean,Edel,Doornenburg
male,Christopher,Dyer,"Bergen op Zoom"
male,Jawdah,Bahar,Vlaardingen
female,Hillegonda,Ester,Raalte
male,"Al Hakam",Ghanem,Nijmegen
male,Wang,Dorst,Zaandam
male,Efraim,Kossen,Valkenswaard
female,Rebekah,Hayden,Coevorden
female,Charlene,Oosterink,Amersfoort
male,William,Richard,Odiliapeel
female,Matilde,Thomas,"Den Haag"
female,Sajidah,Isa,Almere
male,Friso,"van Doormaal",Maassluis
female,Coralee,Holt,Velp
male,Rasmi,Halabi,Hoogerheide
female,Rayan,Bayram,Rotterdam
male,Fayyad,Sabbag,Gorinchem
female,Corine,"van Mullem",Zeewolde
female,Suhaylah,Gerges,Heerlen
male,Richard,Crum,Roden
male,Afeef,Shammas,Reusel
male,James,Scriven,Meijel
female,Dewika,Burema,Veenendaal
female,Majida,Saliba,Middenbeemster
female,Sandra,Harper,Mook
female,Samira,Baz,Rijen
female,Fellah,Kouri,Dorst
male,Zubair,Shamoun,Kamperland
female,Mirjam,Westhuis,Amsterdam
female,Husna,Isa,Rotterdam
male,Charles,Burchard,Maartensdijk
female,Bree,Penny,Raalte
female,Janet,Simmons,Diemen
male,Jeppe,Honcoop,Goes
female,Antonetta,Wismans,Rotterdam
male,Lucius,Koelemij,Utrecht
female,'Abidah,Toma,Hoensbroek
male,Nusret,"de Waard",Rotterdam
male,Gerhard,Roelofs,Beverwijk
female,Ethel,Stam,Noordwijkerhout
male,Sharif,Assaf,Utrecht
female,Lindsey,Balemans,Kerk-Avezaath
female,Safiyyah,Said,Bergambacht
male,James,Galeana,Heemstede
male,"Fakhr al Din",Samaha,Valkenburg
male,Jordie,Woudstra,Vaals
female,Lilla,Power,Aalst
male,Theodoor,Lustig,Apeldoorn
male,'Irfan,Maloof,Volendam
male,Fidel,Varney,Groningen
male,Jia,"van der Wurff",Amsterdam
male,Habib,Mansour,Haarlem
male,Herman,Felix,Venhorst
male,Engbert,Rademakers,Assen
female,Shaunda,Stampley,Boskoop
male,Sam,Jones,Amsterdam
male,Hadad,Ghannam,Nijmegen
male,Zubayr,Haddad,Leusden
male,Enno,Vu,Amsterdam
female,Halimah,Mifsud,Iens
female,Cato,"van Bentum",Groningen
female,Nusaybah,Haik,Lelystad
male,Fida,Asghar,Hilversum
female,Bertha,Underhill,Alkmaar
female,Ghayda,Safar,Groenlo
female,Doris,Robinson,Boxtel
female,Janan,Safar,Sneek
female,Rawhah,Asker,Eursinge
female,Lauri,Reijm,Zoetermeer
female,Hannie,Pastoors,Nijeholtpade
female,Adriënne,Gomez,Werkendam
female,Almas,Bitar,Hoorn
male,Ma'in,Hanania,Roden
female,Uwaysah,Almasi,Grashoek
female,Luloah,Sabbag,"Den Haag"
male,Warren,Lindley,Amsterdam
female,Josja,Mast,Rhenen
female,Marty,McCain,Grave
female,Doris,Whitehead,Best
male,Fakhiri,Haik,Schoonhoven
male,Saagar,Stoutjesdijk,Waalwijk
male,Adilson,Cillessen,Geertruidenberg
male,Ogün,Sprangers,Deventer
male,Joel,Valentine,Goedereede
female,Mary,Marshall,s-Gravendeel
male,Keo,Jutte,Leiden
male,Senad,"van Esveld",Enschede
male,"Jad Allah",Koury,Groningen
male,Michael,Hamlin,Amsterdam
female,Juanita,McMillan,Alkmaar
female,Lottie,Clements,Rosmalen
male,Jeffrey,Spann,Roosendaal
female,Cynthia,Grimm,Drachten
female,Fajr,Almasi,Amsterdam
male,Ghazwan,Abboud,Enschede
female,Teresa,Richmond,"Nieuwe Pekela"
female,Cathleen,Burks,Enschede
female,Lisenka,Fortes,Elst
male,Bjarne,"van Beekum",Spijkenisse
female,Angela,Bigley,Assen
female,Shanda,Holden,"Bergen op Zoom"
female,Lujain,Hakimi,Rijswijk
female,Jil,Kievits,Voorst
male,Mark,Keller,Kerkrade
male,Ed,"van der Eijk",Alkmaar
female,Marigje,Riemens,Ede
male,Baha',Koury,Beverwijk
male,Abdul-Hayy,Sarraf,Maarssen
male,Taslim,Maloof,Grubbenvorst
male,Krzysztof,Kort,Gorinchem
male,Demir,Verwey,Drunen
male,"Al Tufayl",Sarraf,Maastricht
female,Durar,Ganem,Zoutelande
male,Charles,Moore,Asten
female,Lydie,Pelt,Heerlen
male,Michael,Wilson,Tytsjerk
male,Brayen,Hernandez,Waalwijk
female,Katia,Rijlaarsdam,"Lage Mierde"
female,Gerianne,Gerits,Dongen
female,Zineb,"van der Winden",Amstelveen
male,"Al Harith",Handal,Zoetermeer
female,Farhah,Shamon,Grootegast
male,Salvatore,"van der Burg",s-Hertogenbosch
female,Rensje,"van 't Wout",Almelo
male,Sadid,Antar,Eefde
male,Manuel,Reber,Vuren
male,Fahad,Kassis,Giesbeek
female,Flora,Wright,Beesd
female,Wahidah,Awad,Schelluinen
female,Mary,Çakir,Haarlem
female,Atiya,Bata,"Den Haag"
female,Ethel,Greenberg,Halsteren
male,Dhakir,Amari,Beltrum
male,Isaac,Wooster,Oudehaske
female,Siska,"van de Polder",Eindhoven
female,Elizabeth,Casillas,Hillegom
male,Daud,"van Mastrigt",Goor
male,Luke,Bolger,Amsterdam
female,Iona,Aalberts,Maastricht
female,'Arub,Maalouf,Heemstede
male,Mahrus,Haik,Rijen
male,Murtadhy,Antoun,Hoogezand
male,Nasr,Asfour,s-Hertogenbosch
female,Gözde,Hulsegge,Assendelft
male,Felix,"van Houdt",Voorburg
male,Denzell,Garcia,Roosendaal
female,Francisca,Ramautar,Druten
male,Carlos,Fontijn,Leiden
female,Fee,Melissen,"Den Haag"
male,Kees,Beugelsdijk,Haarlem
male,Jouk,Boef,Eindhoven
male,Sofian,Almasi,Rutten
female,Ra'ifah,Maroun,Oss
male,Daniel,Beardsley,Nijmegen
female,Toke,"van Damme",Maassluis
female,'Atiyah,Zogby,Noordhoek
female,Joyce,Thomas,s-Heer-Arendskerke
male,"Saif al Din",Asker,Emmeloord
male,Paul,Hanks,Veenendaal
male,Larry,"van de Berg",Heerlen
male,Clint,Cornelius,Leeuwarden
male,Houd,Kouri,Babyloniënbroek
male,Latif,Asghar,Harderwijk
female,Nafisa,Tjeerdsma,Eindhoven
male,Kaseeb,Kanaan,Emmer-Compascuum
female,Wyke,"van de Bilt",Leimuiden
male,Davin,Vlemmings,Gemert
male,Eric,Cools,Almkerk
male,Juan,Bray,Schoonhoven
male,Daniel,Martin,Huizen
female,Meghan,Kelley,Lievelde
female,Fatmanur,Leliveld,Papendrecht
male,Jumah,Bata,"Sint Jansteen"
male,Jabir,Qureshi,Rotterdam
male,Baha',Antoun,"Bergen op Zoom"
female,Gwendolyn,Perry,Utrecht
female,Jesenia,Webb,Epe
male,Thimo,"de Kraker",Renesse
female,Brenda,Jensen,Alkmaar
male,Jason,Brown,Weert
male,Bowie,Mooiweer,Heukelum
female,Suhair,Rahal,Oudenbosch
female,Tahiyah,Khouri,Vinkeveen
male,Adi,Wagenaar,Hillegom
male,Elvis,"van Haarlem",Emmen
female,Ericka,Herrera,Nijmegen
female,Nancy,Murray,Maastricht
male,Aize,Altenburg,Enschede
male,Jorin,"de Hek",Arnhem
female,Edith,Mullens,Zwolle
female,Ghadah,Maroun,Amsterdam
female,Tarub,Nazari,Almelo
female,Numa,Morcos,Beesel
male,Khaleel,Wasem,Lisse
male,"Izz al Din",Amari,Beuningen
female,Natali,"de Neef",Buinen
male,George,Ehlers,Deventer
male,Richard,Strickland,Deventer
male,Jean-Pierre,Goudsblom,Amstelveen
male,Jesse,Settle,Haarlem
male,Charles,Mungo,Amsterdam
male,Charles,Welch,Nuenen
male,Ömer,Degeling,Naarden
female,Sam,Beekwilder,Barendrecht
male,John,Crowder,Almelo
male,Chendo,Rook,Almere
female,Rafah,Awad,Apeldoorn
female,Nassira,Bouwers,Arnhem
male,John,Walden,Papendrecht
male,Raghib,Bitar,Amersfoort
female,Doris,Wallace,Nijmegen
male,Benjamin,Bello,Waalwijk
male,Ratib,Aswad,Nieuw-Roden
female,Laureen,Aspers,Enkhuizen
female,Sujata,Groenink,"Den Haag"
male,Usaym,Shamoun,Boskoop
male,Jorrin,Walther,Hengelo
male,Harke,Torn,Hoogeveen
male,Abdul-Muta'al,Koury,Zuidhorn
female,Fanan,Naifeh,Grootebroek
male,Shafi,Zogby,"Den Haag"
female,Noorah,Abadi,Rotterdam
female,Donna,Ly,Leiderdorp
male,Iyad,Deeb,Sloten
female,Jawahir,Issa,Ommen
female,Asra,Awad,Veldhoven
female,Martha,Fichter,Utrecht
female,Carlijne,Hoogenberg,Lijnden
male,Fred,Huston,Rotterdam
male,Anthony,Vargas,Amsterdam
female,Rosemary,Davis,"Den Helder"
male,Kevin,Madden,Eygelshoven
female,Marlene,Brom,Eersel
male,Shivam,Bunt,Nieuwleusen
female,Nasiha,Harb,Bolsward
male,Fahrettin,Cloosterman,Nieuwegein
female,Aradhna,"van Aaken",Vierpolders
female,Maha,Baba,"Capelle aan den IJssel"
male,Karsten,Kleine,Westkapelle
male,Mu'izz,Moghadam,Warffum
male,Rodney,Wright,Roden
female,Rineke,Kwee,Heerlen
female,Loesje,Schepens,"Den Haag"
female,Nicola,Mossel,Hoogvliet
male,Quentin,Williams,Joure
male,Habbab,Nahas,Dalfsen
female,Alejandra,James,Gendt
female,Marzuqah,Bishara,Amsterdam
female,Sumaiya,Moghadam,Malden
male,Kenneth,Keen,Nijmegen
male,Hajo,Versnel,Almere
female,Angela,Houston,Tiel
female,Basimah,Kouri,Dordrecht
male,Abdul-Basit,Abadi,Nijverdal
male,Radi,Maalouf,Heerhugowaard
female,Ru'yah,Deeb,Kerkrade
female,Eula,Fleming,Harbrinkhoek
female,Diane,McGurk,"Alphen aan den Rijn"
female,Naila,Mansour,Gouda
male,Asad,Almasi,Roden
male,John,Johnson,Otterlo
female,Lamees,Mifsud,Vlijmen
female,Geeke,"van Kasteren",Scharmer
male,Davud,Hof,Amstelveen
female,Mas'ouda,Touma,IJmuiden
female,Graziella,Bisschops,Baarn
male,Jason,Garcia,Zwijndrecht
female,Usaymah,Sabbag,Rotterdam
female,Lillie,Hollar,Huizen
female,Lublubah,Sarkis,Reusel
female,Mas'udah,Sabbag,Eindhoven
female,Abia,Mifsud,Hoogland
female,Lyan,Ebben,Spaarndam
female,Annigje,Scheffers,Amstelveen
female,Muyassar,Hakimi,Lelystad
female,Remy,Pereboom,Heerlen
female,Maria,Bowden,Son
male,"Al Bara'",Harb,"Wenum Wiesel"
male,Ihsan,Shalhoub,Vlissingen
female,Taqiyah,Cham,Vught
female,Veronie,Hazekamp,Tilburg
female,Lujain,Kouri,"De Bilt"
female,Nusaybah,Asfour,Varsseveld
male,John,Siewert,Nieuwegein
male,Clyde,Ballard,Huissen
male,Eric,Manning,Woudenberg
male,Lablab,Baz,Honselersdijk
male,Abdelfattah,Zwemmer,Zwijndrecht
female,Dewy,"van Raalte",Empe
female,Lorri,Hodgson,Zoetermeer
male,'Azab,Rahal,Amstelveen
female,Diba,Cats,Drunen
female,Basinah,Bata,Amersfoort
male,Willie,Williams,Wormer
male,Hilal,Said,"Krimpen aan den IJssel"
male,'Udail,Botros,Delft
female,Kerrie,Bogue,Groesbeek
male,Nusret,Voogt,Groningen
female,Soscha,"de Wilde","De Lier"
male,Bobby,Heath,Voorhout
female,Roya,Mooij,Raalte
female,Ezgi,Havelaar,Rotterdam
female,Fahdah,Toma,Hoogvliet
female,Sifra,Strijker,Alblasserdam
female,Wisam,Cham,Doetinchem
male,James,Kuykendall,Almere
female,Astrid,Zwolle,Voorschoten
female,Shahd,Bitar,Hoornsterzwaag
male,'Afif,Ganim,Saasveld
female,Juwayriyah,Arian,Stolwijk
female,Wisaam,Kattan,Handel
female,Izabella,Nieuweboer,Vriezenveen
male,Munif,Khoury,Elsloo
female,Lakshmi,Strampel,Goes
female,Rawhiyah,Toma,Tilburg
male,John,"den Adel",Boskoop
male,Maurits,Guijt,Nieuwe-Tonge
male,Murtadi,Shadid,Brielle
male,Yarno,Hoogakker,Schinnen
male,Yalçin,Lamberts,Nijverdal
female,Subhah,Safar,Heerenveen
female,Humayrah,Nader,Haaksbergen
male,Ziyad,Toma,Sneek
male,Corey,Faulk,"Den Bommel"
female,Ala',Samaha,Geleen
male,Mubarak,Antar,Amsterdam
male,Tolgahan,Klumper,Dordrecht
male,'Adil,Maloof,Amsterdam
female,Margo,Gijsbertsen,Weesp
female,Charmayne,"van den Brom",Helmond
female,Susan,Rush,Halsteren
female,"Umm Kalthum",Shadid,Naarden
female,Marjorie,Jennings,Driebergen-Rijsenburg
male,Daniel,Ward,Purmerend
female,Nadiyah,Shamoun,Almelo
male,Stefano,Christiaans,Eindhoven
female,"Al Zahra",Naifeh,Amsterdam
female,Aadab,Hanania,Zaandam
female,Kelly,Hoerr,"Den Bommel"
male,Johnny,Dacosta,Volkel
female,Adriana,Bush,Eindhoven
male,Rink,Udo,Voorthuizen
female,Joyce,Noe,Boskoop
male,Lou,Wennekers,Kampen
male,Dominicus,Welling,Terschuur
female,Larisa,"de Rijk",Apeldoorn
male,Paul,Williams,Rilland
male,Joseph,Kunkle,"Den Haag"
female,Basha'ir,Halabi,Spijkenisse
female,Ming,Drissen,Assendelft
female,Lieselotte,Kruik,Wijchen
female,Edwina,Ruck,Rotterdam
male,Andréas,Otten,Brunssum
male,Adam,Sheldon,Rutten
female,Aslı,Sanders,Almere
male,Nasri,Sarkis,Amsterdam
female,Duha,Kassab,Zoetermeer
female,Mary,Boyd,Apeldoorn
male,Abdul-Waliy,Kanaan,"Den Haag"
male,Ra'uf,Ghannam,IJsselmuiden
male,Thaddeus,Gilmore,Voorburg
female,Louise,Snyder,Amsterdam
female,Emily,Akbar,Tilburg
male,Gaby,Bredewold,Middelburg
female,Cathy,Moore,Jubbega
female,Brenda,Morton,Kessel
male,Abdul-Baqi,Naser,Utrecht
female,Marenthe,Demmers,Gytsjerk
male,Fudail,Gaber,Cuijk
female,Hawwa,Cham,Leiden
male,Thomas,Walker,Lemmer
female,Matilde,Piket,Amsterdam
male,Othman,Ganem,Doorwerth
male,Jackson,Abee,Nijmegen
male,Nijad,Dagher,Borne
female,Ma'ab,Maalouf,Veere
female,Siebrigje,Kriesels,Voorburg
male,William,Hurst,Enschede
male,Anbar,Assaf,Lelystad
female,Dorinde,"van der Klooster",s-Heerenberg
female,Rida,Almasi,Emmen
female,Arwen,Lenters,Nieuwegein
male,Arne,Marcelissen,Waddinxveen
male,David,Brown,Utrecht
female,Janice,Buckland,Zoetermeer
male,Usama,Gerges,Maastricht
male,Brayen,Savelberg,Alkmaar
male,Anthony,Barnhart,Neerkant
female,Basimah,Gerges,Enschede
male,Marvin,Thompson,Amersfoort
female,Melanie,Emmer,Ede
male,Sylvano,Lont,Vianen
female,Kulthum,Bitar,Honselersdijk
male,Aimen,"van de Griend",Oss
female,Marie,Webb,Amsterdam
male,Spencer,Sterling,Leeuwarden
female,Hikmah,Assaf,Vught
female,Riham,Moghadam,Beugen
male,Dean,Ferguson,Delft
male,Makin,Najjar,Overberg
female,Dorothy,Weaver,"Den Ham"
female,Valery,Swets,Hilversum
male,Sagar,Pieterman,Houten
female,Imara,Klee,Bilthoven
male,Mundhir,Sarraf,Bodegraven
male,Linus,Papen,Heesch
female,Jabirah,Nader,Kockengen
male,Na'il,Haik,Eibergen
female,Ellis,Moore,Rotterdam
female,Aneesa,Nahas,Nieuwegein
female,Joanne,Leighton,Zaandam
female,Safun,Basara,"Den Haag"
male,Jonno,Kivits,Epe
female,Imogen,Ottens,Delft
male,Oscar,Gardien,Kockengen
female,Nabilah,Fakhoury,Winsum
female,Zülal,Besselsen,Ulvenhout
female,Kristi,Stromberg,Amsterdam
male,Siard,Wiersma,Oosterbeek
female,Fabienne,Hatzmann,Urk
female,Karen,Hill,"Den Haag"
female,Diane,Emery,Simpelveld
female,Halah,Issa,Venlo
male,Gary,Barry,Amersfoort
male,Aaron,Roman,Ruurlo
male,Dale,Derrickson,Noordwijkerhout
female,Jun,Issa,Loenen
female,Agnieszka,Lokhorst,Rotterdam
male,Wm,Elam,Diemen
female,Rebecca,Bijvank,Amsterdam
female,Imme,Eggens,Middelburg
male,Travis,Rea,Heemstede
female,Elfie,Clemens,Amsterdam
male,Fakhry,Masih,Hendrik-Ido-Ambacht
male,Michael,Garrison,Abbenes
female,Nasim,Halabi,Geldrop
female,Gretha,Kolenbrander,Beverwijk
female,Bashirah,Shadid,Meteren
female,Karuna,Voeten,Bleskensgraaf
female,Adiba,Antoun,Etten-Leur
male,Lennon,Leek,Schiedam
female,Nicole,White,Heerhugowaard
female,Sherri,Butler,Doesburg
female,Alyson,Renick,Rotterdam
female,Rosalinda,Duijm,Zandvoort
male,Christopher,Coffman,Schiedam
male,Anco,Adolfs,Gemert
male,Mukhtar,Attia,Alkmaar
female,Tamadur,Sayegh,Laren
female,Erica,Pooler,Tiel
female,Jane,Nolte,Nijmegen
female,Dyan,Scheepstra,Utrecht
male,Earnest,Neal,"Nieuw Vennep"
male,Tony,Lawson,"Den Haag"
male,Mukarram,Bazzi,Helmond
male,Ziad,Shammas,Deurne
female,Najlae,"van Erp",Gerkesklooster
female,Buthaynah,Ghannam,Schiedam
female,Johara,Nassar,Nieuwkoop
female,Yenna,"van Polen",Leerdam
male,Sepp,Rijnsburger,Oud-Ade
female,Yorinde,"de Kloe",Belt-Schutsloot
male,James,Thor,Utrecht
male,"Ata' al Rahman",Antoun,Breda
female,Léonie,Tempels,Nunspeet
female,Daphna,Tollenaar,Tholen
male,Nibras,Haik,Clinge
female,Anouska,Vosters,Houten
male,Miraç,"van Mil",Eindhoven
male,Naji,Kalb,Goes
male,Dabir,Tannous,Enschede
male,Abdul-Wali,Isa,Nootdorp
female,Khulood,Nahas,Apeldoorn
female,Deborah,Bradford,Elburg
male,Justice,Wijnands,Montfoort
male,'Aqil,Zogby,Bloemendaal
male,Jesaja,Poels,Doesburg
male,Jaap-Jan,Spoelman,Utrecht
female,Latanya,Solis,Ridderkerk
male,Coenradus,Klijs,Heerenveen
male,Donald,Pridgen,Breukelen
male,Anne,"van Kraaij",Tilburg
male,Tammam,Bazzi,Gramsbergen
female,Minnie,Horton,Leersum
male,'Udail,Deeb,Harlingen
male,Safwah,Isa,Urk
male,Quincy,Albayrak,"Den Haag"
female,Nuwairah,Isa,Leiden
male,Monir,Tamis,Moerkapelle
male,Abdul-Mubdi',Gaber,Udenhout
female,Rumailah,Nahas,Nieuwegein
female,Shukriyah,Asghar,Son
female,Gerardina,Hees,Zwolle
female,Dayenne,Middendorp,Haaksbergen
male,Khaled,Bravenboer,Opende
male,Falah,Sabbagh,Tilburg
male,Kevin,Borelli,Oegstgeest
female,Richtje,Veltman,Houten
female,Brandee,McAlpine,Zoetermeer
female,Tricia,Cordova,Luttelgeest
female,Hibo,Schout,Oegstgeest
male,Layth,Tannous,Leeuwarden
female,Fien,Peelen,"Hoek van Holland"
female,Opal,Robertson,"Den Haag"
female,Leony,Vlietstra,Amsterdam
male,Imtiyaz,Samaha,Velp
female,Ikraam,Sarkis,Helmond
male,Huig,Bekking,Sneek
female,Brittany,Hudson,Roosendaal
female,Mawiyah,Awad,Brakel
female,Luja,Zogby,Utrecht
male,Naji,Mansour,Deventer
female,Lieske,Aukema,Valkenswaard
female,Angela,Thomas,Maastricht
female,Khayriyyah,Maroun,Emmen
male,Umayr,Ba,Son
male,Milton,Perreault,Zeist
female,Deborah,Gordon,Almere
female,Mary,Greer,Hengelo
female,Adrie,"van Haarlem",Rotterdam
female,Elsie,Northcutt,Valkenswaard
female,Jannigje,Breijer,Brunssum
male,Jackie,Reyna,Augustinusga
female,Jasmijn,Hannink,Zevenaar
female,Camille,Dewitt,Almere
male,Minne,Bast,Agelo
female,Fazia,Qureshi,Tilburg
female,Ishraq,Wasem,Ede
female,Lijntje,Polder,Bodegraven
female,Ghazal,Isa,Apeldoorn
female,Resa,Derikx,Zoetermeer
female,Cynthia,Smith,Barendrecht
male,Ted,Barney,Dongen
female,Charlene,Serrano,Amsterdam
female,Haneefa,Atiyeh,Amsterdam
female,I'jaz,Shadid,Vlaardingen
male,Riyad,Mansour,Nieuwegein
female,Roberta,Berndsen,Zundert
male,Atif,Boulos,Kerkrade
male,Leonardo,McNally,Lelystad
male,Nasib,Salib,Emmen
male,Raji,Shalhoub,Rozenburg
male,Zakariyya,Morcos,Best
male,Khuzaimah,Hajjar,Almere
male,Abdül,Duindam,Eindhoven
female,Rosa,Owen,Groningen
female,Evelyn,Marshall,Eindhoven
male,Miguel,Saenz,Groningen
male,Abdul-Qadir,Aswad,Nieuwstadt
female,Hanin,Naifeh,Zeist
male,Miran,Slingerland,Woensdrecht
male,Kerry,Hunger,Culemborg
male,Olle,Steentjes,Neerkant
male,Harvey,Sipes,Maastricht
male,Ronald,Jimenez,Liempde
male,Yoeri,Heideman,Woubrugge
female,Ilkay,"de Groote",Tilburg
female,'Ibadah,Kanaan,Groenlo
male,Shareef,Kassab,"Den Haag"
female,Atifa,Khouri,Oss
female,A'mal,Basara,Zelhem
male,Kyle,Johnson,Hulsberg
male,Qadir,Maloof,Sint-Oedenrode
female,Moira,"van der Kloet",Harlingen
female,Sheila,Johnson,Arnhem
male,Diëgo,Achten,Middelburg
female,Hafsa,Asker,Harkstede
female,Melinda,Amin,Hoogeveen
male,Michael,Hazel,Amsterdam
male,Ricky,Garcia,Honselersdijk
female,Leontien,Kuijer,Apeldoorn
female,Danitsja,Blikman,Ede
male,Bennie,Pekel,Steenwijk
female,Su'da,Asfour,Culemborg
male,Carl,Ellis,Utrecht
male,Jerome,Satchell,"Den Haag"
male,Alle,Blokhuis,Zeewolde
male,Wasil,Totah,Breda
male,Abdul-Mu'min,Tannous,Rhoon
male,Ronin,Koppelaar,Enschede
female,Jinthe,Makkinga,Lottum
female,Kathryn,Willer,Wilnis
female,Sara,Grigg,Voorburg
male,Kamil,Sabbagh,Velp
male,Eisa,Nader,Almere
male,Bob,Barrow,Leiderdorp
female,Tine,Linde,Rotterdam
female,Mary,Santos,Ulrum
male,Albert,Montgomery,Etten-Leur
female,Christine,Rivera,Hardenberg
male,Donnie,Mouzon,Heiloo
male,Adam,Brown,Amersfoort
female,Klaziena,"de Pater","Den Helder"
male,David,Kuhn,s-Hertogenbosch
female,Melika,"van Suijlekom",Bovenkarspel
female,Sibal,Bata,Zoeterwoude
male,Frank,Smith,Rotterdam
male,Gerry,Baeten,Ouddorp
male,Joseph,Pena,Zoetermeer
female,Rose,Hall,Schiedam
male,Bert,Rodriguez,Soest
female,Numa,Mustafa,Pernis
male,George,Martinson,Rotterdam
male,Ka'im,Bishara,Gemert
male,Allan,Matteo,Rotterdam
male,Berk,Vosselman,Zaandijk
male,Jayson,Boelhouwers,s-Gravenzande
female,Sandra,Thorton,Ederveen
female,Brianne,Elbertsen,Heemskerk
male,Leroy,Fennell,"Den Haag"
male,Xam,Langenhuijsen,Herwijnen
female,Sijtske,Hillenaar,Beverwijk
male,Ayman,Postema,Heerhugowaard
female,Sabr,Safar,Groningen
female,Busr,Abboud,Beek-Ubbergen
female,Gladys,"van Asselt",Haarlem
female,Liena,Goedkoop,Heerhugowaard
female,'Ablah,Isa,"Den Helder"
male,Nuri,Issa,Hoog-Keppel
male,Kevin,Peraza,IJsselmuiden
male,Ernest,Adams,Ede
female,Jan,Thomas,Zuidbroek
female,'Azzah,Nahas,Landgraaf
male,Quirijn,Keurhorst,Nijkerk
female,Cheryl,Hancock,Erica
male,Weldon,Craig,Apeldoorn
male,Rahman,"van den Noort",Emst
male,Nuh,Dagher,Bruinisse
female,'Awatif,Salib,Zoetermeer
female,'Inayah,Malouf,Borculo
male,Dominicus,Eckhardt,Amersfoort
male,Dillen,"van Meerveld",Purmerend
male,Jesse,Westcott,Hoek
female,Samra,Veldwijk,Enschede
male,Sylvano,Beernink,Landgraaf
female,Milagros,Villarreal,Emmer-Compascuum
female,Aslihan,Walstra,Drempt
female,"Al Zahra",Zogby,Berltsum
female,Thirza,"van der Zouwen",Maastricht
male,George,Cunningham,Wassenaar
female,Misty,Proctor,Meppel
male,John,Poirier,Venlo
female,Banu,Bart,Amsterdam-Zuidoost
male,Wadi,Shadid,Nuenen
female,Catherine,Johnson,Munstergeleen
female,Makkiyah,Basara,Maastricht
male,Nayif,Khoury,Urk
male,Leigh,Halloway,Amsterdam-Zuidoost
female,Zayn,Salib,Waalre
female,Hudun,Boulos,Oirschot
female,Daphne,Frenken,Amsterdam
female,Cynthia,Ward,Rotterdam
male,Rowen,Vermolen,Rotterdam
male,Kareem,Hanania,Abbekerk
male,"'Abd al",Ghannam,Susteren
female,Johara,Ba,Lelystad
female,Amelie,Alberts,Haren
male,Bill,"den Drijver",Middelburg
female,Barbara,McDougall,Tilburg
female,Tamara,Keiser,Rotterdam
female,Elsina,"van Hugten","Den Haag"
male,Adnan,Antar,Amsterdam
female,Nikki,Schilt,Oosterhout
male,James,Schuldt,Hellevoetsluis
male,Cary,Paul,Amsterdam
male,Willie,Vinson,Geffen
male,Qusay,Sarraf,Olst
female,Lieske,Krijger,Rotterdam
female,Annique,Zeeman,Amsterdam
male,Dale,Phillips,Bruinisse
female,Raven,Versprille,Rotterdam
female,Priyanka,Verschuur,Veendam
female,Carlijne,Daalman,Vorden
male,Lucian,Karelse,Schinveld
male,Ubaida,Bishara,"Nieuwe Pekela"
female,Nida,Samaha,Doesburg
male,Ilias,Hoefnagels,Hulst
female,Suhaimah,Hadad,Amsterdam
female,'Azzah,Wasem,Rijswijk
female,Taqwaa,Tahan,Maarssen
male,George,Kennedy,"Den Ham"
female,Destiny,Garcia,Brummen
male,Symon,"van der Pols",Waalwijk
male,Suoud,Asghar,Emmen
male,Uthal,Harb,Purmerend
female,Rubaa,Shammas,Weert
male,Melwin,Leferink,Rosmalen
male,Felix,Preston,Ermelo
male,Kevin,Hendrick,Barendrecht
male,Hamal,Deeb,Epe
female,Wajd,Sleiman,Druten
female,Sevil,Rusman,Bunnik
female,Rachel,Shelton,Woerden
male,Nik,Sarikaya,"Wijk bij Duurstede"
female,Taqiyah,Koury,Loosdrecht
female,Viktoria,Stel,Nijmegen
female,Arti,Kole,Almelo
female,Sundus,Mansour,Rotterdam
female,Farhah,Asghar,Zuidermeer
female,Juman,Antoun,Doetinchem
male,Servé,Dubbelman,Axel
female,'Aqilah,Kalb,Enschede
female,Wardah,Morcos,"Berg en Terblijt"
female,Jacobina,Hoogendijk,Ospel
male,Lenn,"van der Kleijn",Amsterdam
female,Leidy,Dominicus,Eemnes
male,Hamal,Tahan,Apeldoorn
female,Zonne,Ebbinge,Albergen
male,Engelbert,Laurijssen,Oudewater
male,Abdul-Matin,Baz,Zoetermeer
male,Piotr,Haan,Valkenburg
male,Haroun,Qureshi,Volendam
female,Trina,Green,"Den Haag"
female,Ithar,Dagher,Heemskerk
male,Adam,McElhaney,Limmen
male,Sean,Leftwich,Heerlen
female,Raja',Khoury,Rouveen
female,Siska,Bovens,Terneuzen
female,Susan,Probst,Leeuwarden
female,Rafidah,Abboud,Uden
male,Roger,Kintzel,"Alphen aan den Rijn"
female,Dorothé,Vunderink,Assen
female,Samina,Lock,Breda
female,Sytske,Kromkamp,Amsterdam
male,Shu'aib,Morcos,Oranjewoud
female,Lu'lu'ah,Bitar,Waardenburg
male,Harry,Miller,Wieringerwaard
female,Brenda,Thomson,Eindhoven
male,'Ubaidah,Shamoon,"Den Oever"
male,Daniel,Davis,Delft
female,Lammigje,Nissen,Hardenberg
male,Robert,Ferrell,Weert
female,Michelle,Verstraaten,Bunde
male,Nikky,Breij,Nispen
male,Jerome,Ebert,Breda
female,Doris,Cooper,Peize
male,Cebrail,Derks,Kapelle
female,Susan,Moore,Bergschenhoek
female,Lauren,Gaal,Swifterbant
female,Kawakib,Naifeh,Eindhoven
male,Kedar,Haddad,Rotterdam
female,Joetta,Holley,Ermelo
female,Brenda,Baker,"Den Haag"
male,'Awad,Nahas,Oosterwolde
female,Taalah,Kattan,Barendrecht
male,Nafi',Touma,"Sas van Gent"
female,Ruqaya,Morcos,Rotterdam
male,Robert,Greer,Nunspeet
male,Maarten,Diepstraten,Amsterdam-Zuidoost
female,Nadine,Crum,Amerongen
female,Mayyadah,Seif,Helmond
male,Robert,Moore,Veendam
male,Brent,Baum,Ulft
male,Gary,Fields,Apeldoorn
male,Isa,Baba,"Oost- West- en Middelbeers"
female,Samsam,"van Halm",Hoensbroek
male,Isra'il,Quraishi,Lunteren
male,Harrie,Pieter,Hoornsterzwaag
female,Savanna,Smetsers,Zwaanshoek
male,Paul,Walker,Ridderkerk
male,Abdirahman,Bontenbal,Velp
male,Joshua,Beasley,s-Hertogenbosch
female,'A'idah,Malouf,Hoogersmilde
female,Dorothy,Connell,"Bergen op Zoom"
male,Tommy,Harris,Enschede
female,Evelijn,Kneefel,Emmeloord
female,Sandra,Black,Amsterdam-Zuidoost
male,Khairi,Shadid,Haren
female,Beverly,Navarro,Harkema
female,Kaydee,Berns,Aarle-Rixtel
male,Abdul-Muqaddim,Morcos,Weert
female,Fadilah,Almasi,Ede
male,Fahad,Neuteboom,Maastricht
female,Terry,Schwartz,Eenum
female,Joann,Thomas,Leiden
female,Melisa,Farquhar,Papendrecht
male,Dalton,Barksdale,Oisterwijk
female,Doris,Mahoney,Kockengen
male,Atif,Davies,Zevenaar
female,Rhonda,Bibbins,Geldrop
male,Yvan,Bloemen,"Loenen aan de Vecht"
female,Nudar,Ba,Amsterdam
male,Abdul-Aziz,Guirguis,Drachten
female,Corrie,Grant,Utrecht
male,Adam,Stamm,Rotterdam
male,Abdul-Mu'id,Almasi,Groningen
male,Cédric,Vermeeren,Hardenberg
male,Gilberto,Smith,Markelo
male,Abdul-Nafi',Salib,"Den Haag"
male,Hendrick,Buurman,Oldenzaal
male,Arfan,Safar,Almere
female,Sheila,Kemp,Monster
female,Rasha,Amari,Wageningen
male,Wicher,"van den Dries",Ulvenhout
male,Masrur,Hajjar,Sliedrecht
male,Marlin,Vijverberg,Gennep
female,Vera,Campbell,Leeuwarden
male,Pieter,Dijksterhuis,Arnhem
male,Fuad,"van Asten",Ede
female,Amie,Wilson,Doetinchem
female,Gina,Keane,s-Heer-Arendskerke
male,John,Yoho,Terborg
female,Shahlah,Asker,Zwolle
female,Chris,"van der Knaap",Groningen
male,"Safiy al Din",Shammas,Harderwijk
female,Teresa,Gregory,Nijmegen
female,Ghazal,Hajjar,Amsterdam
female,Blanche,Cremers,Schiedam
male,Jesus,Kaufman,Rotterdam
female,Medina,"van Vliet",Enschede
female,Leonarda,Bloemink,Schiedam
male,Virgil,Garbutt,Groningen
male,Imam,Maloof,Nijmegen
female,Zuha,Almasi,Velserbroek
female,Martha,Donaldson,Heerenveen
male,Roy,Cartwright,Leuvenheim
female,'Abir,Maalouf,Zwolle
male,Alem,Hulsbergen,"Den Haag"
male,Merdan,Autar,Apeldoorn
female,Hortencia,Wesson,Kesteren
male,Atif,Abboud,Herwijnen
female,Lilith,Mutlu,Reutum
female,Jumanah,Essa,IJmuiden
male,Kamal,Gerges,Jistrum
female,Aneesa,Asghar,Stolwijk
female,Raja,Srour,Diemen
male,Saif,Said,Gendringen
male,William,Watts,Rotterdam
male,Cecil,Silva,Leiden
female,Dorien,Müller,"Nij Beets"
male,Finley,Jaspers,"Den Haag"
male,Yahya,Dagher,Hoogmade
male,Raúl,Dost,Nieuwehorne
male,Patrick,Ostrander,Tilburg
male,Abdul-Zahir,Salib,Volendam
male,Henry,Bergman,"De Lier"
female,Alice,Andrews,"Bergen op Zoom"
female,Febe,Hemmink,Roermond
female,Dorothy,Kinnison,Rijen
male,Abdul-Aziz,Aswad,Hellendoorn
male,'Arif,Basara,Rottevalle
male,Najjar,Toma,Haalderen
female,Gertrude,Robinson,Rotterdam
female,Husna,Gerges,Ittervoort
male,Saleh,"ter Huurne",Losser
female,Anissa,Heutink,"Den Haag"
female,Diana,Schmidt,Sneek
male,Kürşat,"van Polen",Amsterdam
male,Duqaq,Samaha,Schoonebeek
female,Sumnah,Totah,Aagtekerke
male,Regilio,Curiel,Grubbenvorst
female,Kayley,Elstgeest,Gouda
female,Chae,Cunningham,Appelscha
male,Mark,Garcia,Leeuwarden
male,Thabit,Basara,Duiven
male,Allen,Brockway,Amsterdam
female,Georgia,Caton,Leeuwarden
male,Wasim,Deeb,Doornspijk
female,Haleema,Ganem,Delft
male,Mujab,Seif,Dronten
female,Deloris,Cantu,Utrecht
male,Jason,Raffa,Lelystad
male,John,Cooper,Aalst
female,Gladys,Morrill,Amsterdam
female,Hibah,Maroun,Leiderdorp
male,Roald,Korff,Bussum
male,Zachary,Perryman,Geldrop
female,Sameeha,Kouri,Veldhoven
female,Hibah,Halabi,Oud-Beijerland
male,Carmen,Manseau,Heino
female,Jady,Bartholomeus,Noordwijk
female,Helène,Blansjaar,Maasbree
female,Patricia,Castleberry,"Wijk bij Duurstede"
male,Zaid,Koury,Emmen
female,Rena,Adams,Raamsdonksveer
male,Hamid,Haddad,Nieuwstadt
male,Harold,Hanneman,Zwijndrecht
male,Afif,Sleiman,Schiedam
female,Xynthia,Krouwel,Scheerwolde
male,Foeke,Moor,Oldenzaal
male,Hedzer,Veldstra,"Den Haag"
female,Cassandra,Bates,Schiedam
male,Abdul-Fattah,Ba,Haarlem
male,Andre,Sewell,Oss
female,Gerda,Harders,Veenendaal
female,Sabrin,Flipse,Bussum
male,David,Papp,Woudenberg
female,Seema,Hellendoorn,Waterlandkerkje
male,Ayyad,Baba,"Ouderkerk aan den IJssel"
female,Ida,Anderson,Losser
female,Dewika,Ettema,Achthuizen
female,Giulia,"ten Kate",Steijl
female,Bartha,Welters,Wissenkerke
male,Thomas,Buggs,Gouda
female,Fatin,Shamoun,s-Hertogenbosch
male,Grant,Smith,Rotterdam
male,Timothy,"van de Peppel","Den Helder"
male,Peter,Ponce,Gerkesklooster
female,Mariko,"van de Veen",Amsterdam
male,Victor,Swanson,Rotterdam
male,'Asim,Sayegh,Alkmaar
male,Miraç,Arentsen,Venray
male,Qutaiba,Kouri,Denekamp
male,Yasar,Asker,Dongen
male,Billy,Healy,Amsterdam
male,Mark,Roa,Kollum
female,Mandy,Dusseljee,Akersloot
male,Rudolf,Langenhof,Hoogvliet
female,Katelijne,Berkouwer,Hengelo
female,Nandy,Kooy,Lochem
male,John,Scott,Zoetermeer
female,Yenthe,Gravemaker,Ugchelen
female,'Aliyah,Kalb,Ermelo
male,Ronald,White,Rotterdam
female,Francine,Waterschoot,Dordrecht
male,Gerhard,Koen,Tilburg
male,Abdul-Mu'id,Samaha,Niebert
female,Şirin,Hardy,Utrecht
male,Les,Sprague,Medemblik
male,Ubaida,Ghanem,Breda
female,Moska,Pruim,Heythuysen
male,Thomas,Stromberg,Schoonhoven
female,Dimphina,Kloostra,Wateringen
female,Anan,Mansour,Eindhoven
male,Raven,Keulers,Schiedam
female,Rumailah,Naifeh,Loosdrecht
male,Saleem,Boutros,Zutphen
female,Souad,Cham,Woltersum
female,Ricky,"de Poorter",Amersfoort
male,Ray,Snyder,Almere
male,"Muhyi al Din",Abadi,Hoogland
female,Cornelia,Early,Herveld
female,Lakisha,Leung,Vlijmen
female,Rubaa,Seif,Hilversum
female,Amanda,Sheppard,Blaricum
male,"Muhyi al Din",Bishara,Waalre
female,Kristen,Akin,Gouda
female,Laura,Moore,Rossum
female,Rushd,Tahan,Rotterdam
female,Rubadah,Mansour,Bussum
female,Sterre,"van der Putten",Middenbeemster
female,Nasira,Sayegh,Hilversum
male,Mihyar,Baba,Amsterdam
female,Manal,Kouri,Amsterdam
male,"Ala' al Din",Koury,Warmond
male,James,Castanon,Apeldoorn
male,Ameen,Haik,Maassluis
male,Jimmy,Tobin,Amsterdam
male,Usama,Haddad,Rijssen
male,Fabio,Steijger,Arnhem
male,Marin,Neggers,Herten
male,Bret,Burns,Amsterdam
female,Sharon,Ohara,Joure
male,David,Larrison,"Ter Apel"
male,Waqqas,Shamon,Bavel
female,Gonneke,Seegers,Rotterdam
male,Tyas,Nicolai,Haarlem
female,Albertina,"van Looij",Musselkanaal
male,Jeremy,Vela,Leiden
female,Sumayra,Naifeh,Wageningen
female,Elfie,Westgeest,"Oude Pekela"
male,Mus'ad,Ganim,Lekkerkerk
male,Mazin,Kouri,Ede
female,Ora,Casto,Tilburg
female,Cecile,Davis,Wissenkerke
male,"Baha al Din",Arian,Klazienaveen
male,Yaro,"der Kinderen",Doetinchem
female,Juhanah,Bata,Klazienaveen
male,Darryl,"de Veth",IJzendijke
male,Robert,Lane,Rouveen
female,Murjanah,Shadid,Apeldoorn
female,Amy,Decker,Roermond
female,'Awatif,Sabbag,Veenendaal
female,Johara,Kattan,Wildervank
female,Caro,Meijnen,Voorburg
male,Islam,Frans,Heiloo
male,Michael,Davis,Haarlem
female,Lisa,Fortuna,Zieuwent
female,Juwayriyah,Cham,Breukelen
female,Muhsinah,Shammas,Schimmert
female,Shaila,Hermes,Amersfoort
male,Waqqas,Daher,Alkmaar
female,Najiyah,Sabbag,Holwerd
male,Leo,Shaffer,Hellevoetsluis
female,Brittney,Buma,Simpelveld
male,Dennis,Perez,Utrecht
male,John,Gardner,Kekerdom
female,Verda,Grimes,Wijhe
female,Gemma,"van Montfort",Nieuwerkerk
male,Thor,Donkersloot,Deventer
female,Mahabbah,Nader,Amersfoort
male,Hajar,Bossenbroek,Exloërveen
male,Rizq,Asfour,Arnhem
male,James,Bence,Workum
male,Bessel,Verstraaten,Denekamp
female,Kalila,Hajjar,Rhenen
male,Abdul-Wakil,Salib,Middelburg
male,Uthal,Ganim,Venhuizen
male,Nijad,Malouf,Geleen
female,Jala',Sarkis,Vleuten
male,Radi,Baba,Amsterdam
female,Viola,Fenner,Utrecht
male,Zeger,Batenburg,Hellevoetsluis
male,David,Ford,Budel
male,Jeffery,McBride,Tilburg
female,Irene,Clark,Middelburg
female,Gale,Walton,Heeswijk-Dinther
female,Hafsa,Hazen,"Den Haag"
female,Edith,Özkan,Oost-Knollendam
female,Mawaddah,Fakhoury,Amsterdam
male,Mattia,Hardy,Middelburg
female,Jo-ann,Prent,Almelo
male,Ramzy,"van Weeren",Horst
female,Abeer,Nassar,Soest
female,Yumn,Ghannam,Makkum
male,Cris,"de Cock",Amsterdam
male,Jalil,Atiyeh,Haarlem
male,Jason,Roberts,Nieuwegein
female,Reema,Awad,Kapelle
female,Emerentiana,Holterman,Echt
male,Dustin,Robinson,Munstergeleen
female,Kelly,Humphries,Apeldoorn
female,Annelein,Keesmaat,Noorden
female,Sajidah,Bata,s-Gravenzande
female,Betty,Woodley,Hattem
female,Luka,"van Grondelle",Drunen
male,Benny,Kleuskens,Bitgum
female,Lula,Pate,Leiden
male,Scott,Compton,Alkmaar
female,Suzana,"de Beurs",Lienden
female,Nabeela,Atiyeh,Bleiswijk
female,Bibiche,Kapitein,Hoofddorp
male,Franklin,Hartle,Dronten
male,Abdul-Wadud,Haik,Engwierum
female,Dulcie,Hambrick,Rotterdam
male,Geert-Jan,Rothuizen,Kampen
female,Carolyn,Norwood,"Bergen op Zoom"
male,Donavan,Aretz,Etten
male,Bobby,Dixon,Rotterdam
female,Sarah,Lunsford,Tilburg
female,Shuhrah,Sarkis,Bergeijk
female,Linda,Roberson,Bergen
female,Maimoona,Haddad,Enschede
female,Carol,Dibenedetto,Hardenberg
male,Roberto,Vos,Hilversum
male,Jacey,Muijen,Gendt
male,Daniel,Stubblefield,Maastricht
female,Lizzie,Akkerman,Deurne
male,John,Goff,"Sint Jansteen"
female,Si,Doornebosch,Apeldoorn
female,Merlyn,Sandee,Utrecht
female,Nahid,Qureshi,Laag-Soeren
male,Frank,Bailey,Oosthuizen
male,Muhammad,Naifeh,Vriezenveen
female,Judith,Scott,Waalwijk
male,Cecil,McGonigal,"Winterswijk Huppel"
female,Angela,Barfield,Balkbrug
male,Shamim,Nader,Andijk
male,Murshid,Quraishi,Groningen
male,Kenneth,Brimmer,Buitenpost
male,Fahmi,Maloof,Heemstede
female,Mea,Safi,Uithoorn
female,Badriyyah,Bahar,"Koudekerk aan den Rijn"
male,Abdul-Musawwir,Kouri,Almere
male,Chester,Burton,Toldijk
female,Vesna,Edwards,Winschoten
male,Iloy,Holtman,Oostburg
male,Xander,"van Boggelen",Naaldwijk
male,'Udayl,Mifsud,"Cadier en Keer"
female,A'dab,Salib,Almere
female,Jabirah,Khoury,Alkmaar
female,Quirine,Kalshoven,Schijndel
male,Antonio,Hewitt,Schiedam
male,Alfred,Reese,Heerlen
female,Hooriya,Haddad,Vledder
male,Gaetano,Verhulst,Gennep
female,Susan,Ransom,Brunssum
male,William,Cooper,Middelburg
female,Kawakib,Asghar,Axel
male,Muslih,Tannous,Tolbert
female,Nuwayrah,Baz,Groningen
female,Jannah,Verwijmeren,Velden
male,Andrew,Byrd,Utrecht
female,Fransien,Zuurbier,Sliedrecht
female,Lisa,Harris,Groningen
male,Brandon,Morris,Heinenoord
female,Marlene,Roosendaal,Almere
male,Sharaf,Kalb,Maarn
female,Nudhar,Maroun,Amsterdam
male,Gerrit-Jan,Bijma,Wijchen
male,Siddiq,Shamoon,"Den Haag"
female,Lena,Washington,Utrecht
female,Maria,Beardsley,Silvolde
female,Michelle,Will,Haarlem
female,Debby,Bastiaansen,Groenekan
female,Marouscha,Broertjes,Rhoon
male,Muneer,Rahal,"Anna Paulowna"
female,Lamberdina,Brabander,Apeldoorn
female,Maria,Heath,Badhoevedorp
female,Bernice,Anderson,Ommen
female,Puck,Beun,"Sint Jansteen"
female,Monika,Hendriks,Utrecht
male,Nash'ah,Mansour,Nijeveen
male,Faizel,Vervuurt,Rotterdam
male,Thobias,Penninga,Bergen
male,Terry,Foster,Dordrecht
male,'Awad,Boutros,Lieshout
female,Sally,Wilson,Eijsden
male,Igor,Hingstman,Riel
female,Cora,Shedd,Beesd
male,Zinedine,Kleuskens,Groningen
female,Suha,Bata,Amsterdam
male,Adrian,Gebbink,Terneuzen
female,Atyaf,Qureshi,Noordwijk
male,Nafi',Arian,Nijkerk
male,Ray,Schirmer,Amsterdam
female,Yuen,Wigger,Maastricht
female,Sabirah,Naser,Apeldoorn
male,Qutaybah,Ganem,Utrecht
female,Manaal,Daher,Voorburg
female,Kavita,Franke,s-Graveland
male,Imro,Fidom,Maassluis
female,Fawziya,Maloof,Purmerend
female,Samra',Almasi,Oudenbosch
male,Michael,Goetz,Mill
male,Madani,Tahan,Landhorst
male,"Izz al Din",Shammas,Kerkrade
female,Louise,Wight,Oeffelt
female,Toya,Rodriguez,Velden
female,Roselinde,"van Twillert",Heerde
male,Joseph,Hayes,Delft
male,Baha,Harb,Wolphaartsdijk
male,Gilbert,Alex,Vierpolders
male,Kristian,Ratering,Hoenderloo
female,Deborah,Reynolds,Amsterdam
female,Nadia,Boutros,Kampen
male,"Al Tayyib",Ganim,Vlaardingen
female,Zaafirah,Shammas,Breskens
male,Numair,Asfour,Arnhem
male,'Id,Fakhoury,Oosterbeek
female,Najma,"van Roozendaal",Hapert
male,Thomas,Kidwell,Breukelen
male,Budail,Kalb,Breda
female,Abir,Mustafa,Breda
female,Heba,Verver,Zwolle
female,Astrid,Blackshear,Elsloo
male,Kyle,Callahan,Delft
male,Sa'd,Sayegh,Staphorst
female,Gwen,Hooijschuur,Lunteren
female,Atifa,Issa,"Ten Post"
female,Salsabil,Nazari,Enkhuizen
female,Wendy,Taylor,Franeker
male,Jose,Estevez,Goes
female,Jean,Degnan,Leeuwarden
male,Abdul-Barr,Issa,Middelburg
male,Anis,Hofsteenge,Nijmegen
female,Rawhiyah,Essa,"Ambt Delden"
female,Carolyn,Peterman,Best
male,Mark,Josephson,"Den Dolder"
male,Scott,Bigelow,Almere
male,Adham,Kassab,Enschede
female,Emma,Wright,Landgraaf
female,Qadriyah,Shamoun,Bilthoven
male,Sylvano,Schneider,Rotterdam
female,Myrte,"van Scheppingen","Den Haag"
female,Caithlin,"de Korte",Berghem
male,Ramazan,Lodders,Nieuwvliet
male,Nabil,Ghannam,Amsterdam
female,Nuha,Bata,Zaandam
female,Jacqueline,Murphy,Amersfoort
male,Ghanim,Ghannam,Leeuwarden
male,Mattis,Schoop,Wierden
male,James,Crawford,Colmschate
female,Najaah,Shamoun,Heemskerk
male,Utbah,Shammas,Breda
female,Sarah,Tipton,Roermond
female,Evelyn,Thao,"Den Dungen"
male,Walter,Arbogast,Helmond
male,Abdul-Jalil,Ganim,Zuidlaren
female,Vivien,Williams,Warmond
female,Lizelotte,Smallenbroek,Rotterdam
female,Saba',Malouf,Amsterdam
female,Kristi,Montoya,Bolsward
female,'Adawiyah,Daher,Velp
male,Butrus,Kouri,Eijsden
male,Gert,Benders,Linne
male,Jabir,Naifeh,Haarlem
male,Salim,Kattan,Koekange
male,Ewan,"van der Kamp",IJsselstein
female,Nathifa,Fakhoury,Borne
male,Haitam,"de Boom",Amsterdam
male,Rufus,Teston,"Berkel en Rodenrijs"
female,Sukainah,Maloof,Sneek
female,Barbara,McGlothin,Wanroij
female,Mahbubah,Naser,Agelo
female,Pamela,Hurst,Didam
male,Armando,Verouden,"Den Haag"
male,'Ajib,Morcos,Stadskanaal
male,Mujab,Sabbagh,Amsterdam
female,'Iffat,Bahar,Amsterdam
male,Bakr,Hakimi,Bilthoven
female,Lorraine,Anderson,Zwolle
female,Pernilla,Duijs,Rotterdam
male,Eugene,Childs,Utrecht
female,Noëll,Hazewinkel,Ens
female,Maizah,Hanania,Nieuwdorp
female,Jabirah,Nahas,"Koog aan de Zaan"
male,Harwin,Bertram,Lent
female,Sharinda,Meulemans,Rotterdam
female,Mary,Rowland,Lekkerkerk
female,Patricia,Heilman,Tilburg
female,Leidy,Guijt,Breda
male,Khulus,Abboud,Arnhem
female,Nada,Quraishi,Sassenheim
female,Musnah,Nassar,Limmen
male,Timothëus,Plant,Willemstad
female,Perla,Spaan,Foudgum
male,Amer,Achten,Oss
female,Jacobine,Luinge,Oudehaske
male,Ghali,Rahal,Leiden
female,Tyrza,"van Bavel",Opheusden
male,Robert,Kaiser,Diepenveen
male,Muta,Halabi,Nuenen
female,Hasibe,Burg,Vlaardingen
male,Kendrick,Whitsett,Purmerend
female,'Anbar,Tannous,Ooij
female,Nasmah,Sabbagh,Utrecht
female,Yvonne,Larson,Udenhout
male,Johnnie,Smith,Purmerend
male,Phillip,Martinez,Ridderkerk
female,Yvette,Seal,Groningen
female,Huriyah,Sarkis,Ysselsteyn
female,Trudy,Pijnappels,Twello
male,Russell,Baity,Veere
male,Errol,Kuit,Aarle-Rixtel
female,Rayhanah,Fakhoury,Schiedam
male,Kenneth,Gonzalez,Heino
female,Shadhiyah,Najjar,"Den Haag"
male,Antoni,Schuur,Haarle
male,Jakob,Ganzevles,Maastricht
female,Romaissa,Oosterling,Halle
male,Mike,"van Winkel",Rotterdam
male,Abdul-Hafiz,Kouri,Hoogkarspel
male,Arjan,Offereins,Diemen
male,Arthur,Martinez,Harlingen
male,Salim,Aswad,Dordrecht
female,Shamilah,Antar,Elim
male,Mohamed,Wester,Kloosterburen
female,Ratna,Fopma,Noordwijkerhout
male,Rafid,Bata,Goor
female,Regina,Bailey,Oosterwolde
male,Dale,Hicks,Oegstgeest
male,Kateb,Isa,"Oude Bildtzijl"
female,Thana',Touma,Groningen
male,Alrik,Leijten,"Ter Apelkanaal"
female,Maria,Seitz,Amersfoort
female,Sayenna,"van den Dool",Groningen
male,Keith,Miller,Zutphen
female,Mary,Ochoa,Leerbroek
female,Minna,Yard,Wilhelminadorp
male,Gaby,Wit,s-Gravenpolder
male,Brian,Perry,Hoensbroek
female,Nibaal,Baba,Breda
male,Coenraad,"van Dasselaar",Amersfoort
female,'Ahd,Kanaan,Houten
female,Reema,Cham,Dordrecht
male,Rowin,Pors,Rotterdam
male,James,Oshea,Riethoven
male,Taqiy,Abadi,Weert
female,Yasmeen,Attia,Amersfoort
female,Amal,Rahal,Rijswijk
male,Yasin,Boulos,Venlo
male,Danilio,Veening,Emmeloord
male,Tobi,Raaphorst,Delft
male,Suhail,Sabbagh,Rotterdam
female,Ariana,Hunter,Beekbergen
male,'Urwah,Gerges,Milheeze
male,Tony,Smith,Oirschot
female,Rufaydah,Nazari,Delft
male,Rafiq,Almasi,Wilnis
female,Mary,Silva,Schiedam
male,Derk-Jan,Castricum,Tilburg
female,Rudainah,Maroun,Houtigehage
male,Abdul-Muhsi,Gaber,Schalkhaar
female,Abeer,Haddad,Bolsward
female,Umamah,Naifeh,Kerk-Avezaath
male,Patrick,Hagen,Barneveld
male,Tareef,Bazzi,Brunssum
male,'Uday,Shadid,s-Hertogenbosch
female,Suhailah,Mikhail,"Bergen op Zoom"
male,Mervin,"van Lopik",Ugchelen
female,Laura,Gilbert,Barendrecht
female,Charisa,Kriesels,Veldhoven
male,Sabih,Attia,"Oude Wetering"
male,Eduardo,Mills,Amsterdam
female,Lidewei,Kaspers,Rotterdam
male,Abdi,"van Zanden",Sint-Michielsgestel
female,Irene,Gervais,Roosendaal
female,Aafke,Hellemons,Augustinusga
female,Noreen,Moorman,Rotterdam
female,Hasnah,Shamoun,Ermelo
female,Noa,Brussaard,Haren
male,Richie,Hulsebos,Zwolle
male,Waddah,Masih,Oisterwijk
female,Lindsay,Courtney,Voorthuizen
female,Jameela,Gaber,Vlaardingen
male,Suradj,Spruijt,Hardenberg
male,Art,Meulenkamp,Almere
male,Mac,Dashner,Beverwijk
female,Hooda,Baz,Diemen
male,Joshua,Hartman,Rijsenhout
male,Abdul-Aziz,Antoun,Rotterdam
female,Rayshree,"van der Maat",Zeist
male,Fernando,Bruls,Waalwijk
female,Annigje,Bats,Nijmegen
male,Geoffrey,"van Hooft",Nijmegen
female,Gijsbertje,Stolte,Scheemda
female,Bahijah,Sayegh,Zwolle
female,Niloufar,Edelenbos,Kapelle
male,Wolf,Raap,Stadskanaal
male,Mannus,Hekking,Dongen
male,"Waliy al Din",Tahan,Lekkerkerk
male,Youssef,Seif,Ruinen
female,Barbara,Reynolds,Tilburg
female,Taahira,Bitar,Maarssen
male,John,Morgan,Apeldoorn
female,Sarai,Draijer,Almere
female,Moska,Dijksterhuis,Borculo
male,Rene,Walker,Lisse
female,Kymberly,Rush,Hoogvliet
male,Stéphane,Verstappen,Spijkenisse
male,Arif,Amari,Utrecht
female,Frauke,Damoiseaux,"Ter Apel"
male,Richard,Ramsey,Engwierum
female,Rosanne,Collet,Helmond
male,Isaiah,Wagner,Oss
male,James,Serrano,Heemskerk
male,Nuhaid,Naser,Beneden-Leeuwen
male,"Al Tufail",Shalhoub,Hilversum
male,Stephen,Grady,Velsen-Noord
male,Brian,Garcia,Apeldoorn
female,Felicia,Johnson,Heerhugowaard
male,Kenneth,Buskirk,Eerbeek
female,Mayyasah,Haik,Clinge
male,King,"van de Scheur",Heerlen
male,Budayl,Naser,Mijdrecht
female,Firdoos,Tahan,Bussum
male,Bradley,Schaefer,Apeldoorn
female,Brenda,Bardin,Houten
female,Loena,Reker,Oss
male,Steyn,Steenbergen,Haarsteeg
male,Gary,Delatorre,Utrecht
female,Gayle,Heck,Pijnacker
male,Maudad,Shamoun,Zaandam
female,Mukarram,Shalhoub,"Den Haag"
female,Norma,Dallinga,Wijchen
male,Herbert,Huynh,Almere
female,Mylene,Kats,Doorn
male,Saleem,Kattan,"Capelle aan den IJssel"
male,Adrian,Noriega,Tiel
male,Suat,Berenschot,"Ouderkerk aan den IJssel"
female,Anne-Sophie,Rengers,Limmen
female,Hidayah,Nazari,Bussum
male,Riley,Shaw,Heerlen
female,'Idhar,Ba,Voorthuizen
male,"Siraj al Din",Malouf,Driebergen-Rijsenburg
male,Thomas,Baker,Zwolle
male,Johnny,Mitchell,Wageningen
male,Shahin,Nassar,Zeist
male,Wing,Zuidgeest,Veendam
male,David,Marshburn,Amsterdam
female,Marenne,Gringhuis,Heerlen
male,Peter,Helton,Duiven
male,Iyad,Mansour,"Nieuw Vennep"
female,Wadha,Toma,Rumpt
female,Dayanara,Buitenkamp,Amsterdam
male,Joery,Balster,Stellendam
female,Mariah,Drakes,Delft
female,Teresa,Johnson,Lippenhuizen
male,Wesley,McKinnon,Leeuwarden
female,Ann,Ray,Een
male,'Aliyy,Shammas,Oegstgeest
male,Donald,Friedman,Wieringerwaard
male,Christopher,Harvey,Bunnik
male,Abdul-Razzaq,Tannous,Zoetermeer
male,Mas,Rashid,Naarden
female,Heidi,Heffner,Amsterdam
male,Jibran,Essa,Vleuten
female,Mary,Jacobs,Fijnaart
female,Sajidah,Abboud,Nijmegen
female,Edith,Wallace,Nederweert
female,Whitney,Gregory,Sneek
male,Faouzi,Woltjer,Maastricht
female,Juhanah,Essa,"Alphen aan den Rijn"
female,Giselle,Dammer,Ossendrecht
male,Junayd,Gerges,Rotterdam
